{"payload":{"installed_packages":["absl-py==2.1.0","affine==2.4.0","asttokens==2.4.1","astunparse==1.6.3","attrs==24.2.0","autocommand==2.2.2","backports.tarfile==1.2.0","bokeh==3.5.2","branca==0.7.2","brotli==1.1.0","cached-property==1.5.2","cartopy==0.23.0","certifi==2024.8.30","cffi==1.17.1","charset-normalizer==3.3.2","click==8.1.7","click-plugins==1.1.1","cligj==0.7.2","cloudpickle==3.0.0","colorama==0.4.6","coloredlogs==15.0.1","comet-ml==3.47.1","comm==0.2.2","configobj==5.0.9","contourpy==1.3.0","cycler==0.12.1","cytoolz==0.12.3","dask==2024.9.1","dask-expr==1.1.15","debugpy==1.8.6","decorator==5.1.1","distributed==2024.9.1","dulwich==0.22.3","emcee==3.1.6","everett==3.1.0","exceptiongroup==1.2.2","executing==2.1.0","filelock==3.16.1","flatbuffers==24.3.25","folium==0.17.0","fonttools==4.54.1","fsspec==2024.9.0","gast==0.6.0","gdal==3.9.2","geopandas==1.0.1","git-filter-repo==2.45.0","gitdb==4.0.11","gitpython==3.1.43","google-pasta==0.2.0","greenlet==3.1.1","grpcio==1.66.2","gstools==1.6.0","h2==4.1.0","h5py==3.11.0","hankel==1.2.2","hpack==4.0.0","humanfriendly==10.0","hyperframe==6.0.1","idna==3.10","importlib_metadata==8.0.0","importlib_metadata==8.5.0","importlib_resources==6.4.0","inflect==7.3.1","ipykernel==6.29.5","ipython==8.28.0","jaraco.collections==5.1.0","jaraco.context==5.3.0","jaraco.functools==4.0.1","jaraco.text==3.12.1","jedi==0.19.1","jinja2==3.1.4","joblib==1.4.2","jpype1==1.5.0","jsonschema==4.23.0","jsonschema-specifications==2024.10.1","jupyter_client==8.6.3","jupyter_core==5.7.2","keras==3.5.0","kiwisolver==1.4.7","labelimg==1.8.6","libclang==18.1.1","locket==1.0.0","lxml==5.3.0","lz4==4.3.3","mapclassify==2.8.1","markdown==3.7","markdown-it-py==3.0.0","markupsafe==2.1.5","matplotlib==3.9.2","matplotlib-inline==0.1.7","mdurl==0.1.2","meshio==5.3.5","ml-dtypes==0.4.1","more-itertools==10.3.0","mpmath==1.3.0","msgpack==1.1.0","munkres==1.1.4","namex==0.0.8","nest_asyncio==1.6.0","networkx==3.3","numpy==1.26.4","numpy==2.1.2","onnx==1.17.0","onnxruntime==1.19.2","opencv-contrib-python==4.10.0.84","opencv-python==4.10.0.84","opt_einsum==3.4.0","optree==0.12.1","packaging==24.1","packaging==24.1","pandas==2.2.3","parso==0.8.4","partd==1.4.2","patsy==0.5.6","pickleshare==0.7.5","pillow==10.4.0","pip==24.2","platformdirs==4.2.2","platformdirs==4.3.6","plotly==5.24.1","ply==3.11","progressbar2==4.5.0","prompt_toolkit==3.0.48","protobuf==4.25.5","psutil==6.0.0","pure_eval==0.2.3","py-cpuinfo==9.0.0","pyarrow==17.0.0","pyarrow-hotfix==0.6","pycparser==2.22","pyevtk==1.6.0","pygam==0.9.1","pygments==2.18.0","pykrige==1.7.2","pynetlogo==0.5.2","pyogrio==0.10.0","pyomo==6.8.0","pyparsing==3.1.4","pyproj==3.7.0","pyqt5==5.15.11","pyqt5-qt5==5.15.2","pyqt5_sip==12.15.0","pyreadline3==3.5.4","pyshp==2.3.1","pyside6==6.7.2 ","pysocks==1.7.1","python-box==6.1.0","python-dateutil==2.9.0","python-utils==3.9.0","pytz==2024.1","pywin32==306","pyyaml==6.0.2","pyzmq==26.2.0","rasterio==1.4.1","referencing==0.35.1","requests==2.32.3","requests-toolbelt==1.0.0","rich==13.9.1","rpds-py==0.20.0","scikit-learn==1.5.2","scipy==1.11.4","scipy==1.14.1","seaborn==0.13.2","segment_anything==1.0","semantic-version==2.10.0","sentry-sdk==2.17.0","setuptools==75.1.0","shapely==2.0.6","shiboken6==6.7.2 ","simplejson==3.19.3","six==1.16.0","smmap==5.0.1","snuggs==1.4.7","sortedcontainers==2.4.0","sqlalchemy==2.0.35","stack-data==0.6.2","statsmodels==0.14.3","sympy==1.13.1","tblib==3.0.0","tenacity==9.0.0","termcolor==2.4.0","thop==0.1.1-2209072238","threadpoolctl==3.5.0","tomli==2.0.1","toolz==0.12.1","torch==2.5.0+cu121","torch-tb-profiler==0.4.3","torchaudio==2.5.0+cu121","torchvision==0.20.0+cu121","tornado==6.4.1","tqdm==4.66.5","traitlets==5.14.3","typeguard==4.3.0","typing_extensions==4.12.2","typing_extensions==4.12.2","tzdata==2024.2","ultralytics==8.3.23","ultralytics-thop==2.0.9","unicodedata2==15.1.0","urllib3==2.2.3","wcwidth==0.2.13","werkzeug==3.0.4","wheel==0.43.0","wheel==0.44.0","win_inet_pton==1.1.0","wrapt==1.16.0","wurlitzer==3.1.1","xarray==2024.9.0","xyzservices==2024.9.0","zict==3.0.0","zipp==3.19.2","zipp==3.20.2","zstandard==0.23.0"],"message_id":1},"type":"installed_packages"}
{"payload":{"command":["D:\\deepocean\\deepsea\\models\\yolov5-master\\train.py","--img","640","--batch","16","--epochs","50","--data","D:\\deepocean\\deepsea\\data\\YOLO_Bubbles_Dataset\\data.yaml","--weights","D:\\deepocean\\deepsea\\models\\yolov5-master\\yolov5s.pt","--cache","--project","my_project","--name","my_experiment"],"env":null,"hostname":"AlanZhou","ip":"10.181.117.52","machine":"AMD64","message_id":2,"os":"Windows-10-10.0.22631-SP0","os_release":"10","os_type":"Windows","pid":42840,"processor":"Intel64 Family 6 Model 183 Stepping 1, GenuineIntel","python_exe":"C:\\Users\\alanz\\.conda\\envs\\deepsea\\python.exe","python_version":"3.10.15","python_version_verbose":"3.10.15 | packaged by conda-forge | (main, Sep 30 2024, 17:41:41) [MSC v.1941 64 bit (AMD64)]","user":"alanz"},"type":"system_details"}
{"payload":{"gpu_static_info":[{"gpu_index":0,"name":"NVIDIA GeForce RTX 4060 Laptop GPU","power_limit":80000,"total_memory":8585740288,"uuid":"GPU-5de0e624-c375-4620-c2b5-d269dfa90b5f"}],"message_id":3},"type":"gpu_static_info"}
{"payload":{"local_timestamp":1730035597982,"message_id":4,"metric":{"epoch":null,"metricName":"sys.gpu.0.total_memory","metricValue":8585740288,"step":null}},"type":"metric_msg"}
{"payload":{"local_timestamp":1730035597983,"message_id":5,"param":{"paramName":"img","paramValue":640,"source":"cli","step":null}},"type":"parameter_msg"}
{"payload":{"local_timestamp":1730035597983,"message_id":6,"param":{"paramName":"batch","paramValue":16,"source":"cli","step":null}},"type":"parameter_msg"}
{"payload":{"local_timestamp":1730035597983,"message_id":7,"param":{"paramName":"epochs","paramValue":50,"source":"cli","step":null}},"type":"parameter_msg"}
{"payload":{"local_timestamp":1730035597984,"message_id":8,"param":{"paramName":"data","paramValue":"D:\\deepocean\\deepsea\\data\\YOLO_Bubbles_Dataset\\data.yaml","source":"cli","step":null}},"type":"parameter_msg"}
{"payload":{"local_timestamp":1730035597984,"message_id":9,"param":{"paramName":"weights","paramValue":"D:\\deepocean\\deepsea\\models\\yolov5-master\\yolov5s.pt","source":"cli","step":null}},"type":"parameter_msg"}
{"payload":{"local_timestamp":1730035597984,"message_id":10,"param":{"paramName":"cache","paramValue":true,"source":"cli","step":null}},"type":"parameter_msg"}
{"payload":{"local_timestamp":1730035597984,"message_id":11,"param":{"paramName":"project","paramValue":"my_project","source":"cli","step":null}},"type":"parameter_msg"}
{"payload":{"local_timestamp":1730035597984,"message_id":12,"param":{"paramName":"name","paramValue":"my_experiment","source":"cli","step":null}},"type":"parameter_msg"}
{"payload":{"key":"offline_experiment","message_id":13,"value":true},"type":"log_other"}
{"payload":{"key":"Name","message_id":14,"value":"my_experiment"},"type":"log_other"}
{"payload":{"local_timestamp":1730035597986,"message_id":15,"metric":{"epoch":null,"metricName":"sys.gpu.0.gpu_utilization","metricValue":4,"step":null}},"type":"metric_msg"}
{"payload":{"local_timestamp":1730035597986,"message_id":16,"metric":{"epoch":null,"metricName":"sys.gpu.0.power_usage","metricValue":11345,"step":null}},"type":"metric_msg"}
{"payload":{"local_timestamp":1730035597986,"message_id":17,"metric":{"epoch":null,"metricName":"sys.gpu.0.temperature","metricValue":45,"step":null}},"type":"metric_msg"}
{"payload":{"local_timestamp":1730035597986,"message_id":18,"metric":{"epoch":null,"metricName":"sys.gpu.0.memory_utilization","metricValue":4,"step":null}},"type":"metric_msg"}
{"payload":{"local_timestamp":1730035597986,"message_id":19,"metric":{"epoch":null,"metricName":"sys.gpu.0.free_memory","metricValue":5906923520,"step":null}},"type":"metric_msg"}
{"payload":{"local_timestamp":1730035597987,"message_id":20,"metric":{"epoch":null,"metricName":"sys.gpu.0.used_memory","metricValue":2678816768,"step":null}},"type":"metric_msg"}
{"payload":{"local_timestamp":1730035597987,"message_id":21,"metric":{"epoch":null,"metricName":"sys.gpu.0.percent.used_memory","metricValue":31.200766365412797,"step":null}},"type":"metric_msg"}
{"payload":{"additional_params":{"assetId":"97bb9c5eae9f4077b9cce10c96fb8ae2","context":null,"extension":"yaml","fileName":"data.yaml","overwrite":false,"runId":null,"step":null},"clean":true,"file_path":"tmpylbf4vcr","local_timestamp":1730035597992,"message_id":22,"metadata":{"type":"data-config-file"},"upload_type":"asset"},"type":"file_upload"}
{"payload":{"local_timestamp":1730035597996,"message_id":23,"output":"Traceback (most recent call last):\n  File \"D:\\deepocean\\deepsea\\models\\yolov5-master\\train.py\", line 986, in <module>\n    main(opt)\n  File \"D:\\deepocean\\deepsea\\models\\yolov5-master\\train.py\", line 688, in main\n    train(opt.hyp, opt, device, callbacks)\n  File \"D:\\deepocean\\deepsea\\models\\yolov5-master\\train.py\", line 180, in train\n    loggers = Loggers(\n  File \"D:\\deepocean\\deepsea\\models\\yolov5-master\\utils\\loggers\\__init__.py\", line 153, in __init__\n    self.comet_logger = CometLogger(self.opt, self.hyp)\n  File \"D:\\deepocean\\deepsea\\models\\yolov5-master\\utils\\loggers\\comet\\__init__.py\", line 102, in __init__\n    self.data_dict = self.check_dataset(self.opt.data)\n  File \"D:\\deepocean\\deepsea\\models\\yolov5-master\\utils\\loggers\\comet\\__init__.py\", line 260, in check_dataset\n    return check_dataset(data_file)\n  File \"D:\\deepocean\\deepsea\\models\\yolov5-master\\utils\\general.py\", line 537, in check_dataset\n    assert k in data, emojis(f\"data.yaml '{k}:' field missing \u274c\")\nAssertionError: data.yaml 'val:' field missing \n","stderr":true},"type":"standard_output"}
{"payload":{"local_timestamp":1730035597996,"message_id":24,"output":"\u001b[1;38;5;39mCOMET INFO:\u001b[0m The process of logging environment details (conda environment, git patch) is underway. Please be patient as this may take some time.\n","stderr":true},"type":"standard_output"}
{"payload":{"local_timestamp":1730035598305,"message_id":25,"metric":{"epoch":null,"metricName":"sys.cpu.percent.avg","metricValue":0.0,"step":null}},"type":"metric_msg"}
{"payload":{"local_timestamp":1730035598305,"message_id":26,"metric":{"epoch":null,"metricName":"sys.ram.total","metricValue":34158272512,"step":null}},"type":"metric_msg"}
{"payload":{"local_timestamp":1730035598305,"message_id":27,"metric":{"epoch":null,"metricName":"sys.ram.used","metricValue":16075440128,"step":null}},"type":"metric_msg"}
{"payload":{"local_timestamp":1730035598305,"message_id":28,"metric":{"epoch":null,"metricName":"sys.ram.available","metricValue":18082832384,"step":null}},"type":"metric_msg"}
{"payload":{"local_timestamp":1730035598305,"message_id":29,"metric":{"epoch":null,"metricName":"sys.ram.percent.used","metricValue":47.1,"step":null}},"type":"metric_msg"}
{"payload":{"local_timestamp":1730035598305,"message_id":30,"metric":{"epoch":null,"metricName":"sys.load.avg","metricValue":0.0,"step":null}},"type":"metric_msg"}
{"payload":{"git_metadata":{"branch":"refs/heads/zcx","origin":"https://github.com/Misterursw/deep_sea_ranch.git","parent":"ef9190babe7999b314c47566eecc2f7c6797dcbd","repo_name":"deep_sea_ranch","root":"99916f277a606e36a244794809075b9aa481d9e2","status":null,"user":"alanzhou"},"message_id":31},"type":"git_metadata"}
{"payload":{"additional_params":{"assetId":"3808f12b25214c9ea337b0079cdfe116","context":null,"epoch":null,"extension":"yml","fileName":"conda-environment.yml","overwrite":false,"runId":null,"step":null,"type":"conda-environment-definition"},"clean":true,"file_path":"tmpexy1jb09","local_timestamp":1730035612904,"message_id":32,"metadata":{},"upload_type":"conda-environment-definition"},"type":"file_upload"}
{"payload":{"additional_params":{"assetId":"ba78e5c8daeb43eba931fc1a014731aa","context":null,"epoch":null,"extension":"txt","fileName":"conda-spec.txt","overwrite":false,"runId":null,"step":null,"type":"conda-specification"},"clean":true,"file_path":"tmp_m6cp5lx","local_timestamp":1730035614846,"message_id":33,"metadata":{},"upload_type":"conda-specification"},"type":"file_upload"}
{"payload":{"additional_params":{"assetId":"73cbb370211b4da0ac65ad8d06ae350d","context":null,"epoch":null,"extension":"yml","fileName":"conda-info.yml","overwrite":false,"runId":null,"step":null,"type":"conda-info"},"clean":true,"file_path":"tmp1yaykhm6","local_timestamp":1730035616177,"message_id":34,"metadata":{},"upload_type":"conda-info"},"type":"file_upload"}
{"payload":{"local_timestamp":1730035616177,"message_id":35,"output":"\u001b[1;38;5;39mCOMET INFO:\u001b[0m ---------------------------------------------------------------------------------------\n","stderr":true},"type":"standard_output"}
{"payload":{"local_timestamp":1730035616177,"message_id":36,"output":"\u001b[1;38;5;39mCOMET INFO:\u001b[0m Comet.ml OfflineExperiment Summary\n","stderr":true},"type":"standard_output"}
{"payload":{"local_timestamp":1730035616177,"message_id":37,"output":"\u001b[1;38;5;39mCOMET INFO:\u001b[0m ---------------------------------------------------------------------------------------\n","stderr":true},"type":"standard_output"}
{"payload":{"local_timestamp":1730035616177,"message_id":38,"output":"\u001b[1;38;5;39mCOMET INFO:\u001b[0m   Data:\n","stderr":true},"type":"standard_output"}
{"payload":{"local_timestamp":1730035616178,"message_id":39,"output":"\u001b[1;38;5;39mCOMET INFO:\u001b[0m     display_summary_level : 1\n","stderr":true},"type":"standard_output"}
{"payload":{"local_timestamp":1730035616178,"message_id":40,"output":"\u001b[1;38;5;39mCOMET INFO:\u001b[0m     name                  : my_experiment\n","stderr":true},"type":"standard_output"}
{"payload":{"local_timestamp":1730035616178,"message_id":41,"output":"\u001b[1;38;5;39mCOMET INFO:\u001b[0m     url                   : [OfflineExperiment will get URL after upload]\n","stderr":true},"type":"standard_output"}
{"payload":{"local_timestamp":1730035616178,"message_id":42,"output":"\u001b[1;38;5;39mCOMET INFO:\u001b[0m   Others:\n","stderr":true},"type":"standard_output"}
{"payload":{"local_timestamp":1730035616179,"message_id":43,"output":"\u001b[1;38;5;39mCOMET INFO:\u001b[0m     Name               : my_experiment\n","stderr":true},"type":"standard_output"}
{"payload":{"local_timestamp":1730035616179,"message_id":44,"output":"\u001b[1;38;5;39mCOMET INFO:\u001b[0m     offline_experiment : True\n","stderr":true},"type":"standard_output"}
{"payload":{"local_timestamp":1730035616179,"message_id":45,"output":"\u001b[1;38;5;39mCOMET INFO:\u001b[0m   Uploads:\n","stderr":true},"type":"standard_output"}
{"payload":{"local_timestamp":1730035616179,"message_id":46,"output":"\u001b[1;38;5;39mCOMET INFO:\u001b[0m     asset                        : 1 (120 bytes)\n","stderr":true},"type":"standard_output"}
{"payload":{"local_timestamp":1730035616180,"message_id":47,"output":"\u001b[1;38;5;39mCOMET INFO:\u001b[0m     conda-environment-definition : 1\n","stderr":true},"type":"standard_output"}
{"payload":{"local_timestamp":1730035616180,"message_id":48,"output":"\u001b[1;38;5;39mCOMET INFO:\u001b[0m     conda-info                   : 1\n","stderr":true},"type":"standard_output"}
{"payload":{"local_timestamp":1730035616180,"message_id":49,"output":"\u001b[1;38;5;39mCOMET INFO:\u001b[0m     conda-specification          : 1\n","stderr":true},"type":"standard_output"}
{"payload":{"local_timestamp":1730035616181,"message_id":50,"output":"\u001b[1;38;5;39mCOMET INFO:\u001b[0m     environment details          : 1\n","stderr":true},"type":"standard_output"}
{"payload":{"local_timestamp":1730035616181,"message_id":51,"output":"\u001b[1;38;5;39mCOMET INFO:\u001b[0m     git metadata                 : 1\n","stderr":true},"type":"standard_output"}
{"payload":{"local_timestamp":1730035616181,"message_id":52,"output":"\u001b[1;38;5;39mCOMET INFO:\u001b[0m     installed packages           : 1\n","stderr":true},"type":"standard_output"}
{"payload":{"local_timestamp":1730035616181,"message_id":53,"output":"\u001b[1;38;5;39mCOMET INFO:\u001b[0m \n","stderr":true},"type":"standard_output"}
