{"offline_id": "553ac7ae4aba4243b1906d74ab333af8", "project_name": "yolov5", "start_time": 1730036338935, "stop_time": 1730036404593, "tags": [], "workspace": null, "resume_strategy": "create", "customer_error_reported": true, "customer_error_message": "Unexpected error detected in the user script: Exception('\\x1b[34m\\x1b[1mval: \\x1b[0mError loading data from D:\\\\deepocean\\\\deepsea\\\\data\\\\YOLO_Bubbles_Dataset\\\\labels: \\x1b[34m\\x1b[1mval: \\x1b[0mNo images found\\nSee https://docs.ultralytics.com/yolov5/tutorials/train_custom_data')", "user_provided_experiment_key": false, "comet_start_sourced": false}