{"payload":{"installed_packages":["absl-py==2.1.0","affine==2.4.0","asttokens==2.4.1","astunparse==1.6.3","attrs==24.2.0","autocommand==2.2.2","backports.tarfile==1.2.0","bokeh==3.5.2","branca==0.7.2","brotli==1.1.0","cached-property==1.5.2","cartopy==0.23.0","certifi==2024.8.30","cffi==1.17.1","charset-normalizer==3.3.2","click==8.1.7","click-plugins==1.1.1","cligj==0.7.2","cloudpickle==3.0.0","colorama==0.4.6","coloredlogs==15.0.1","comet-ml==3.47.1","comm==0.2.2","configobj==5.0.9","contourpy==1.3.0","cycler==0.12.1","cytoolz==0.12.3","dask==2024.9.1","dask-expr==1.1.15","debugpy==1.8.6","decorator==5.1.1","distributed==2024.9.1","dulwich==0.22.3","emcee==3.1.6","everett==3.1.0","exceptiongroup==1.2.2","executing==2.1.0","filelock==3.16.1","flatbuffers==24.3.25","folium==0.17.0","fonttools==4.54.1","fsspec==2024.9.0","gast==0.6.0","gdal==3.9.2","geopandas==1.0.1","git-filter-repo==2.45.0","gitdb==4.0.11","gitpython==3.1.43","google-pasta==0.2.0","greenlet==3.1.1","grpcio==1.66.2","gstools==1.6.0","h2==4.1.0","h5py==3.11.0","hankel==1.2.2","hpack==4.0.0","humanfriendly==10.0","hyperframe==6.0.1","idna==3.10","importlib_metadata==8.0.0","importlib_metadata==8.5.0","importlib_resources==6.4.0","inflect==7.3.1","ipykernel==6.29.5","ipython==8.28.0","jaraco.collections==5.1.0","jaraco.context==5.3.0","jaraco.functools==4.0.1","jaraco.text==3.12.1","jedi==0.19.1","jinja2==3.1.4","joblib==1.4.2","jpype1==1.5.0","jsonschema==4.23.0","jsonschema-specifications==2024.10.1","jupyter_client==8.6.3","jupyter_core==5.7.2","keras==3.5.0","kiwisolver==1.4.7","labelimg==1.8.6","libclang==18.1.1","locket==1.0.0","lxml==5.3.0","lz4==4.3.3","mapclassify==2.8.1","markdown==3.7","markdown-it-py==3.0.0","markupsafe==2.1.5","matplotlib==3.9.2","matplotlib-inline==0.1.7","mdurl==0.1.2","meshio==5.3.5","ml-dtypes==0.4.1","more-itertools==10.3.0","mpmath==1.3.0","msgpack==1.1.0","munkres==1.1.4","namex==0.0.8","nest_asyncio==1.6.0","networkx==3.3","numpy==1.26.4","numpy==2.1.2","onnx==1.17.0","onnxruntime==1.19.2","opencv-contrib-python==4.10.0.84","opencv-python==4.10.0.84","opt_einsum==3.4.0","optree==0.12.1","packaging==24.1","packaging==24.1","pandas==2.2.3","parso==0.8.4","partd==1.4.2","patsy==0.5.6","pickleshare==0.7.5","pillow==10.4.0","pip==24.2","platformdirs==4.2.2","platformdirs==4.3.6","plotly==5.24.1","ply==3.11","progressbar2==4.5.0","prompt_toolkit==3.0.48","protobuf==4.25.5","psutil==6.0.0","pure_eval==0.2.3","py-cpuinfo==9.0.0","pyarrow==17.0.0","pyarrow-hotfix==0.6","pycparser==2.22","pyevtk==1.6.0","pygam==0.9.1","pygments==2.18.0","pykrige==1.7.2","pynetlogo==0.5.2","pyogrio==0.10.0","pyomo==6.8.0","pyparsing==3.1.4","pyproj==3.7.0","pyqt5==5.15.11","pyqt5-qt5==5.15.2","pyqt5_sip==12.15.0","pyreadline3==3.5.4","pyshp==2.3.1","pyside6==6.7.2 ","pysocks==1.7.1","python-box==6.1.0","python-dateutil==2.9.0","python-utils==3.9.0","pytz==2024.1","pywin32==306","pyyaml==6.0.2","pyzmq==26.2.0","rasterio==1.4.1","referencing==0.35.1","requests==2.32.3","requests-toolbelt==1.0.0","rich==13.9.1","rpds-py==0.20.0","scikit-learn==1.5.2","scipy==1.11.4","scipy==1.14.1","seaborn==0.13.2","segment_anything==1.0","semantic-version==2.10.0","sentry-sdk==2.17.0","setuptools==75.1.0","shapely==2.0.6","shiboken6==6.7.2 ","simplejson==3.19.3","six==1.16.0","smmap==5.0.1","snuggs==1.4.7","sortedcontainers==2.4.0","sqlalchemy==2.0.35","stack-data==0.6.2","statsmodels==0.14.3","sympy==1.13.1","tblib==3.0.0","tenacity==9.0.0","termcolor==2.4.0","thop==0.1.1-2209072238","threadpoolctl==3.5.0","tomli==2.0.1","toolz==0.12.1","torch==2.5.0+cu121","torch-tb-profiler==0.4.3","torchaudio==2.5.0+cu121","torchvision==0.20.0+cu121","tornado==6.4.1","tqdm==4.66.5","traitlets==5.14.3","typeguard==4.3.0","typing_extensions==4.12.2","typing_extensions==4.12.2","tzdata==2024.2","ultralytics==8.3.23","ultralytics-thop==2.0.9","unicodedata2==15.1.0","urllib3==2.2.3","wcwidth==0.2.13","werkzeug==3.0.4","wheel==0.43.0","wheel==0.44.0","win_inet_pton==1.1.0","wrapt==1.16.0","wurlitzer==3.1.1","xarray==2024.9.0","xyzservices==2024.9.0","zict==3.0.0","zipp==3.19.2","zipp==3.20.2","zstandard==0.23.0"],"message_id":1},"type":"installed_packages"}
{"payload":{"command":["D:\\deepocean\\deepsea\\models\\yolov5-master\\train.py","--img","640","--batch","16","--epochs","50","--data","D:\\deepocean\\deepsea\\data\\YOLO_Bubbles_Dataset\\data.yaml","--weights","D:\\deepocean\\deepsea\\models\\yolov5-master\\yolov5s.pt","--cache","--project","my_project","--name","my_experiment"],"env":null,"hostname":"AlanZhou","ip":"10.181.117.52","machine":"AMD64","message_id":2,"os":"Windows-10-10.0.22631-SP0","os_release":"10","os_type":"Windows","pid":31420,"processor":"Intel64 Family 6 Model 183 Stepping 1, GenuineIntel","python_exe":"C:\\Users\\alanz\\.conda\\envs\\deepsea\\python.exe","python_version":"3.10.15","python_version_verbose":"3.10.15 | packaged by conda-forge | (main, Sep 30 2024, 17:41:41) [MSC v.1941 64 bit (AMD64)]","user":"alanz"},"type":"system_details"}
{"payload":{"gpu_static_info":[{"gpu_index":0,"name":"NVIDIA GeForce RTX 4060 Laptop GPU","power_limit":80000,"total_memory":8585740288,"uuid":"GPU-5de0e624-c375-4620-c2b5-d269dfa90b5f"}],"message_id":3},"type":"gpu_static_info"}
{"payload":{"local_timestamp":1730036342418,"message_id":4,"metric":{"epoch":null,"metricName":"sys.gpu.0.total_memory","metricValue":8585740288,"step":null}},"type":"metric_msg"}
{"payload":{"local_timestamp":1730036342420,"message_id":5,"param":{"paramName":"img","paramValue":640,"source":"cli","step":null}},"type":"parameter_msg"}
{"payload":{"local_timestamp":1730036342420,"message_id":6,"param":{"paramName":"batch","paramValue":16,"source":"cli","step":null}},"type":"parameter_msg"}
{"payload":{"local_timestamp":1730036342420,"message_id":7,"param":{"paramName":"epochs","paramValue":50,"source":"cli","step":null}},"type":"parameter_msg"}
{"payload":{"local_timestamp":1730036342420,"message_id":8,"param":{"paramName":"data","paramValue":"D:\\deepocean\\deepsea\\data\\YOLO_Bubbles_Dataset\\data.yaml","source":"cli","step":null}},"type":"parameter_msg"}
{"payload":{"local_timestamp":1730036342420,"message_id":9,"param":{"paramName":"weights","paramValue":"D:\\deepocean\\deepsea\\models\\yolov5-master\\yolov5s.pt","source":"cli","step":null}},"type":"parameter_msg"}
{"payload":{"local_timestamp":1730036342420,"message_id":10,"param":{"paramName":"cache","paramValue":true,"source":"cli","step":null}},"type":"parameter_msg"}
{"payload":{"local_timestamp":1730036342421,"message_id":11,"param":{"paramName":"project","paramValue":"my_project","source":"cli","step":null}},"type":"parameter_msg"}
{"payload":{"local_timestamp":1730036342421,"message_id":12,"param":{"paramName":"name","paramValue":"my_experiment","source":"cli","step":null}},"type":"parameter_msg"}
{"payload":{"key":"offline_experiment","message_id":13,"value":true},"type":"log_other"}
{"payload":{"key":"Name","message_id":14,"value":"my_experiment"},"type":"log_other"}
{"payload":{"local_timestamp":1730036342427,"message_id":15,"metric":{"epoch":null,"metricName":"sys.gpu.0.gpu_utilization","metricValue":4,"step":null}},"type":"metric_msg"}
{"payload":{"local_timestamp":1730036342427,"message_id":16,"metric":{"epoch":null,"metricName":"sys.gpu.0.power_usage","metricValue":11674,"step":null}},"type":"metric_msg"}
{"payload":{"local_timestamp":1730036342427,"message_id":17,"metric":{"epoch":null,"metricName":"sys.gpu.0.temperature","metricValue":44,"step":null}},"type":"metric_msg"}
{"payload":{"local_timestamp":1730036342427,"message_id":18,"metric":{"epoch":null,"metricName":"sys.gpu.0.memory_utilization","metricValue":4,"step":null}},"type":"metric_msg"}
{"payload":{"local_timestamp":1730036342427,"message_id":19,"metric":{"epoch":null,"metricName":"sys.gpu.0.free_memory","metricValue":5843353600,"step":null}},"type":"metric_msg"}
{"payload":{"local_timestamp":1730036342427,"message_id":20,"metric":{"epoch":null,"metricName":"sys.gpu.0.used_memory","metricValue":2742386688,"step":null}},"type":"metric_msg"}
{"payload":{"local_timestamp":1730036342427,"message_id":21,"metric":{"epoch":null,"metricName":"sys.gpu.0.percent.used_memory","metricValue":31.941179164631166,"step":null}},"type":"metric_msg"}
{"payload":{"additional_params":{"assetId":"1cb8f4e099a44353aa39693a7a40b415","context":null,"extension":"yaml","fileName":"data.yaml","overwrite":false,"runId":null,"step":null},"clean":true,"file_path":"tmp_hu49lfh","local_timestamp":1730036342430,"message_id":22,"metadata":{"type":"data-config-file"},"upload_type":"asset"},"type":"file_upload"}
{"payload":{"key":"Created from","message_id":23,"value":"YOLOv5"},"type":"log_other"}
{"payload":{"key":"hasNestedParams","message_id":24,"value":true},"type":"log_other"}
{"payload":{"local_timestamp":1730036342440,"message_id":25,"param":{"paramName":"artifact_alias","paramValue":"latest","source":"manual","step":null}},"type":"parameter_msg"}
{"payload":{"local_timestamp":1730036342440,"message_id":26,"param":{"paramName":"batch_size","paramValue":16,"source":"manual","step":null}},"type":"parameter_msg"}
{"payload":{"local_timestamp":1730036342440,"message_id":27,"param":{"paramName":"bbox_interval","paramValue":-1,"source":"manual","step":null}},"type":"parameter_msg"}
{"payload":{"local_timestamp":1730036342440,"message_id":28,"param":{"paramName":"bucket","paramValue":"","source":"manual","step":null}},"type":"parameter_msg"}
{"payload":{"local_timestamp":1730036342440,"message_id":29,"param":{"paramName":"cache","paramValue":"ram","source":"manual","step":null}},"type":"parameter_msg"}
{"payload":{"local_timestamp":1730036342440,"message_id":30,"param":{"paramName":"cfg","paramValue":"","source":"manual","step":null}},"type":"parameter_msg"}
{"payload":{"local_timestamp":1730036342440,"message_id":31,"param":{"paramName":"cos_lr","paramValue":false,"source":"manual","step":null}},"type":"parameter_msg"}
{"payload":{"local_timestamp":1730036342440,"message_id":32,"param":{"paramName":"device","paramValue":"","source":"manual","step":null}},"type":"parameter_msg"}
{"payload":{"local_timestamp":1730036342440,"message_id":33,"param":{"paramName":"entity","paramValue":null,"source":"manual","step":null}},"type":"parameter_msg"}
{"payload":{"local_timestamp":1730036342440,"message_id":34,"param":{"paramName":"evolve","paramValue":null,"source":"manual","step":null}},"type":"parameter_msg"}
{"payload":{"local_timestamp":1730036342440,"message_id":35,"param":{"paramName":"evolve_population","paramValue":"models\\yolov5-master\\data\\hyps","source":"manual","step":null}},"type":"parameter_msg"}
{"payload":{"local_timestamp":1730036342440,"message_id":36,"param":{"paramName":"exist_ok","paramValue":false,"source":"manual","step":null}},"type":"parameter_msg"}
{"payload":{"local_timestamp":1730036342440,"message_id":37,"params":{"paramName":"freeze","paramValue":[0],"source":"manual","step":null}},"type":"parameter_msg"}
{"payload":{"local_timestamp":1730036342440,"message_id":38,"param":{"paramName":"hyp|anchor_t","paramValue":4.0,"source":"manual","step":null}},"type":"parameter_msg"}
{"payload":{"local_timestamp":1730036342440,"message_id":39,"param":{"paramName":"hyp|box","paramValue":0.05,"source":"manual","step":null}},"type":"parameter_msg"}
{"payload":{"local_timestamp":1730036342440,"message_id":40,"param":{"paramName":"hyp|cls","paramValue":0.5,"source":"manual","step":null}},"type":"parameter_msg"}
{"payload":{"local_timestamp":1730036342440,"message_id":41,"param":{"paramName":"hyp|cls_pw","paramValue":1.0,"source":"manual","step":null}},"type":"parameter_msg"}
{"payload":{"local_timestamp":1730036342440,"message_id":42,"param":{"paramName":"hyp|copy_paste","paramValue":0.0,"source":"manual","step":null}},"type":"parameter_msg"}
{"payload":{"local_timestamp":1730036342440,"message_id":43,"param":{"paramName":"hyp|degrees","paramValue":0.0,"source":"manual","step":null}},"type":"parameter_msg"}
{"payload":{"local_timestamp":1730036342440,"message_id":44,"param":{"paramName":"hyp|fl_gamma","paramValue":0.0,"source":"manual","step":null}},"type":"parameter_msg"}
{"payload":{"local_timestamp":1730036342440,"message_id":45,"param":{"paramName":"hyp|fliplr","paramValue":0.5,"source":"manual","step":null}},"type":"parameter_msg"}
{"payload":{"local_timestamp":1730036342440,"message_id":46,"param":{"paramName":"hyp|flipud","paramValue":0.0,"source":"manual","step":null}},"type":"parameter_msg"}
{"payload":{"local_timestamp":1730036342440,"message_id":47,"param":{"paramName":"hyp|hsv_h","paramValue":0.015,"source":"manual","step":null}},"type":"parameter_msg"}
{"payload":{"local_timestamp":1730036342440,"message_id":48,"param":{"paramName":"hyp|hsv_s","paramValue":0.7,"source":"manual","step":null}},"type":"parameter_msg"}
{"payload":{"local_timestamp":1730036342440,"message_id":49,"param":{"paramName":"hyp|hsv_v","paramValue":0.4,"source":"manual","step":null}},"type":"parameter_msg"}
{"payload":{"local_timestamp":1730036342440,"message_id":50,"param":{"paramName":"hyp|iou_t","paramValue":0.2,"source":"manual","step":null}},"type":"parameter_msg"}
{"payload":{"local_timestamp":1730036342440,"message_id":51,"param":{"paramName":"hyp|lr0","paramValue":0.01,"source":"manual","step":null}},"type":"parameter_msg"}
{"payload":{"local_timestamp":1730036342440,"message_id":52,"param":{"paramName":"hyp|lrf","paramValue":0.01,"source":"manual","step":null}},"type":"parameter_msg"}
{"payload":{"local_timestamp":1730036342440,"message_id":53,"param":{"paramName":"hyp|mixup","paramValue":0.0,"source":"manual","step":null}},"type":"parameter_msg"}
{"payload":{"local_timestamp":1730036342440,"message_id":54,"param":{"paramName":"hyp|momentum","paramValue":0.937,"source":"manual","step":null}},"type":"parameter_msg"}
{"payload":{"local_timestamp":1730036342440,"message_id":55,"param":{"paramName":"hyp|mosaic","paramValue":1.0,"source":"manual","step":null}},"type":"parameter_msg"}
{"payload":{"local_timestamp":1730036342440,"message_id":56,"param":{"paramName":"hyp|obj","paramValue":1.0,"source":"manual","step":null}},"type":"parameter_msg"}
{"payload":{"local_timestamp":1730036342440,"message_id":57,"param":{"paramName":"hyp|obj_pw","paramValue":1.0,"source":"manual","step":null}},"type":"parameter_msg"}
{"payload":{"local_timestamp":1730036342440,"message_id":58,"param":{"paramName":"hyp|perspective","paramValue":0.0,"source":"manual","step":null}},"type":"parameter_msg"}
{"payload":{"local_timestamp":1730036342440,"message_id":59,"param":{"paramName":"hyp|scale","paramValue":0.5,"source":"manual","step":null}},"type":"parameter_msg"}
{"payload":{"local_timestamp":1730036342440,"message_id":60,"param":{"paramName":"hyp|shear","paramValue":0.0,"source":"manual","step":null}},"type":"parameter_msg"}
{"payload":{"local_timestamp":1730036342440,"message_id":61,"param":{"paramName":"hyp|translate","paramValue":0.1,"source":"manual","step":null}},"type":"parameter_msg"}
{"payload":{"local_timestamp":1730036342440,"message_id":62,"param":{"paramName":"hyp|warmup_bias_lr","paramValue":0.1,"source":"manual","step":null}},"type":"parameter_msg"}
{"payload":{"local_timestamp":1730036342440,"message_id":63,"param":{"paramName":"hyp|warmup_epochs","paramValue":3.0,"source":"manual","step":null}},"type":"parameter_msg"}
{"payload":{"local_timestamp":1730036342440,"message_id":64,"param":{"paramName":"hyp|warmup_momentum","paramValue":0.8,"source":"manual","step":null}},"type":"parameter_msg"}
{"payload":{"local_timestamp":1730036342440,"message_id":65,"param":{"paramName":"hyp|weight_decay","paramValue":0.0005,"source":"manual","step":null}},"type":"parameter_msg"}
{"payload":{"local_timestamp":1730036342440,"message_id":66,"param":{"paramName":"image_weights","paramValue":false,"source":"manual","step":null}},"type":"parameter_msg"}
{"payload":{"local_timestamp":1730036342440,"message_id":67,"param":{"paramName":"imgsz","paramValue":640,"source":"manual","step":null}},"type":"parameter_msg"}
{"payload":{"local_timestamp":1730036342440,"message_id":68,"param":{"paramName":"label_smoothing","paramValue":0.0,"source":"manual","step":null}},"type":"parameter_msg"}
{"payload":{"local_timestamp":1730036342440,"message_id":69,"param":{"paramName":"local_rank","paramValue":-1,"source":"manual","step":null}},"type":"parameter_msg"}
{"payload":{"local_timestamp":1730036342440,"message_id":70,"param":{"paramName":"multi_scale","paramValue":false,"source":"manual","step":null}},"type":"parameter_msg"}
{"payload":{"local_timestamp":1730036342441,"message_id":71,"param":{"paramName":"ndjson_console","paramValue":false,"source":"manual","step":null}},"type":"parameter_msg"}
{"payload":{"local_timestamp":1730036342441,"message_id":72,"param":{"paramName":"ndjson_file","paramValue":false,"source":"manual","step":null}},"type":"parameter_msg"}
{"payload":{"local_timestamp":1730036342441,"message_id":73,"param":{"paramName":"noautoanchor","paramValue":false,"source":"manual","step":null}},"type":"parameter_msg"}
{"payload":{"local_timestamp":1730036342441,"message_id":74,"param":{"paramName":"noplots","paramValue":false,"source":"manual","step":null}},"type":"parameter_msg"}
{"payload":{"local_timestamp":1730036342441,"message_id":75,"param":{"paramName":"nosave","paramValue":false,"source":"manual","step":null}},"type":"parameter_msg"}
{"payload":{"local_timestamp":1730036342441,"message_id":76,"param":{"paramName":"noval","paramValue":false,"source":"manual","step":null}},"type":"parameter_msg"}
{"payload":{"local_timestamp":1730036342441,"message_id":77,"param":{"paramName":"optimizer","paramValue":"SGD","source":"manual","step":null}},"type":"parameter_msg"}
{"payload":{"local_timestamp":1730036342441,"message_id":78,"param":{"paramName":"patience","paramValue":100,"source":"manual","step":null}},"type":"parameter_msg"}
{"payload":{"local_timestamp":1730036342441,"message_id":79,"param":{"paramName":"quad","paramValue":false,"source":"manual","step":null}},"type":"parameter_msg"}
{"payload":{"local_timestamp":1730036342441,"message_id":80,"param":{"paramName":"rect","paramValue":false,"source":"manual","step":null}},"type":"parameter_msg"}
{"payload":{"local_timestamp":1730036342441,"message_id":81,"param":{"paramName":"resume","paramValue":false,"source":"manual","step":null}},"type":"parameter_msg"}
{"payload":{"local_timestamp":1730036342441,"message_id":82,"param":{"paramName":"resume_evolve","paramValue":null,"source":"manual","step":null}},"type":"parameter_msg"}
{"payload":{"local_timestamp":1730036342441,"message_id":83,"param":{"paramName":"save_dir","paramValue":"my_project\\my_experiment4","source":"manual","step":null}},"type":"parameter_msg"}
{"payload":{"local_timestamp":1730036342441,"message_id":84,"param":{"paramName":"save_period","paramValue":-1,"source":"manual","step":null}},"type":"parameter_msg"}
{"payload":{"local_timestamp":1730036342441,"message_id":85,"param":{"paramName":"seed","paramValue":0,"source":"manual","step":null}},"type":"parameter_msg"}
{"payload":{"local_timestamp":1730036342441,"message_id":86,"param":{"paramName":"single_cls","paramValue":false,"source":"manual","step":null}},"type":"parameter_msg"}
{"payload":{"local_timestamp":1730036342441,"message_id":87,"param":{"paramName":"sync_bn","paramValue":false,"source":"manual","step":null}},"type":"parameter_msg"}
{"payload":{"local_timestamp":1730036342441,"message_id":88,"param":{"paramName":"upload_dataset","paramValue":false,"source":"manual","step":null}},"type":"parameter_msg"}
{"payload":{"local_timestamp":1730036342441,"message_id":89,"param":{"paramName":"workers","paramValue":8,"source":"manual","step":null}},"type":"parameter_msg"}
{"payload":{"local_timestamp":1730036342441,"message_id":90,"param":{"paramName":"anchor_t","paramValue":4.0,"source":"manual","step":null}},"type":"parameter_msg"}
{"payload":{"local_timestamp":1730036342441,"message_id":91,"param":{"paramName":"box","paramValue":0.05,"source":"manual","step":null}},"type":"parameter_msg"}
{"payload":{"local_timestamp":1730036342441,"message_id":92,"param":{"paramName":"cls","paramValue":0.5,"source":"manual","step":null}},"type":"parameter_msg"}
{"payload":{"local_timestamp":1730036342441,"message_id":93,"param":{"paramName":"cls_pw","paramValue":1.0,"source":"manual","step":null}},"type":"parameter_msg"}
{"payload":{"local_timestamp":1730036342441,"message_id":94,"param":{"paramName":"copy_paste","paramValue":0.0,"source":"manual","step":null}},"type":"parameter_msg"}
{"payload":{"local_timestamp":1730036342441,"message_id":95,"param":{"paramName":"degrees","paramValue":0.0,"source":"manual","step":null}},"type":"parameter_msg"}
{"payload":{"local_timestamp":1730036342441,"message_id":96,"param":{"paramName":"fl_gamma","paramValue":0.0,"source":"manual","step":null}},"type":"parameter_msg"}
{"payload":{"local_timestamp":1730036342441,"message_id":97,"param":{"paramName":"fliplr","paramValue":0.5,"source":"manual","step":null}},"type":"parameter_msg"}
{"payload":{"local_timestamp":1730036342441,"message_id":98,"param":{"paramName":"flipud","paramValue":0.0,"source":"manual","step":null}},"type":"parameter_msg"}
{"payload":{"local_timestamp":1730036342441,"message_id":99,"param":{"paramName":"hsv_h","paramValue":0.015,"source":"manual","step":null}},"type":"parameter_msg"}
{"payload":{"local_timestamp":1730036342441,"message_id":100,"param":{"paramName":"hsv_s","paramValue":0.7,"source":"manual","step":null}},"type":"parameter_msg"}
{"payload":{"local_timestamp":1730036342441,"message_id":101,"param":{"paramName":"hsv_v","paramValue":0.4,"source":"manual","step":null}},"type":"parameter_msg"}
{"payload":{"local_timestamp":1730036342441,"message_id":102,"param":{"paramName":"iou_t","paramValue":0.2,"source":"manual","step":null}},"type":"parameter_msg"}
{"payload":{"local_timestamp":1730036342441,"message_id":103,"param":{"paramName":"lr0","paramValue":0.01,"source":"manual","step":null}},"type":"parameter_msg"}
{"payload":{"local_timestamp":1730036342441,"message_id":104,"param":{"paramName":"lrf","paramValue":0.01,"source":"manual","step":null}},"type":"parameter_msg"}
{"payload":{"local_timestamp":1730036342441,"message_id":105,"param":{"paramName":"mixup","paramValue":0.0,"source":"manual","step":null}},"type":"parameter_msg"}
{"payload":{"local_timestamp":1730036342441,"message_id":106,"param":{"paramName":"momentum","paramValue":0.937,"source":"manual","step":null}},"type":"parameter_msg"}
{"payload":{"local_timestamp":1730036342441,"message_id":107,"param":{"paramName":"mosaic","paramValue":1.0,"source":"manual","step":null}},"type":"parameter_msg"}
{"payload":{"local_timestamp":1730036342441,"message_id":108,"param":{"paramName":"obj","paramValue":1.0,"source":"manual","step":null}},"type":"parameter_msg"}
{"payload":{"local_timestamp":1730036342441,"message_id":109,"param":{"paramName":"obj_pw","paramValue":1.0,"source":"manual","step":null}},"type":"parameter_msg"}
{"payload":{"local_timestamp":1730036342441,"message_id":110,"param":{"paramName":"perspective","paramValue":0.0,"source":"manual","step":null}},"type":"parameter_msg"}
{"payload":{"local_timestamp":1730036342441,"message_id":111,"param":{"paramName":"scale","paramValue":0.5,"source":"manual","step":null}},"type":"parameter_msg"}
{"payload":{"local_timestamp":1730036342441,"message_id":112,"param":{"paramName":"shear","paramValue":0.0,"source":"manual","step":null}},"type":"parameter_msg"}
{"payload":{"local_timestamp":1730036342441,"message_id":113,"param":{"paramName":"translate","paramValue":0.1,"source":"manual","step":null}},"type":"parameter_msg"}
{"payload":{"local_timestamp":1730036342441,"message_id":114,"param":{"paramName":"warmup_bias_lr","paramValue":0.1,"source":"manual","step":null}},"type":"parameter_msg"}
{"payload":{"local_timestamp":1730036342441,"message_id":115,"param":{"paramName":"warmup_epochs","paramValue":3.0,"source":"manual","step":null}},"type":"parameter_msg"}
{"payload":{"local_timestamp":1730036342441,"message_id":116,"param":{"paramName":"warmup_momentum","paramValue":0.8,"source":"manual","step":null}},"type":"parameter_msg"}
{"payload":{"local_timestamp":1730036342441,"message_id":117,"param":{"paramName":"weight_decay","paramValue":0.0005,"source":"manual","step":null}},"type":"parameter_msg"}
{"payload":{"additional_params":{"assetId":"b83b9f4d3d614ea895ed261d51163539","context":null,"epoch":null,"extension":"json","fileName":"hyperparameters.json","overwrite":false,"runId":null,"step":null},"clean":true,"file_path":"tmp2rdvuigk","local_timestamp":1730036342447,"message_id":118,"metadata":{"type":"hyp-config-file"},"upload_type":"asset"},"type":"file_upload"}
{"payload":{"additional_params":{"assetId":"072d48bd18c34ea6b6121552727c8636","context":null,"extension":"yaml","fileName":"opt.yaml","overwrite":false,"runId":null,"step":null},"clean":true,"file_path":"tmp3285my8b","local_timestamp":1730036342456,"message_id":119,"metadata":{"type":"opt-config-file"},"upload_type":"asset"},"type":"file_upload"}
{"payload":{"local_timestamp":1730036342456,"message_id":120,"param":{"paramName":"val_conf_threshold","paramValue":0.001,"source":"manual","step":null}},"type":"parameter_msg"}
{"payload":{"local_timestamp":1730036342456,"message_id":121,"param":{"paramName":"val_iou_threshold","paramValue":0.6,"source":"manual","step":null}},"type":"parameter_msg"}
{"payload":{"key":"comet_mode","message_id":122,"value":"online"},"type":"log_other"}
{"payload":{"key":"comet_max_image_uploads","message_id":123,"value":100},"type":"log_other"}
{"payload":{"key":"comet_log_per_class_metrics","message_id":124,"value":false},"type":"log_other"}
{"payload":{"key":"comet_log_batch_metrics","message_id":125,"value":false},"type":"log_other"}
{"payload":{"key":"comet_log_confusion_matrix","message_id":126,"value":true},"type":"log_other"}
{"payload":{"key":"comet_model_name","message_id":127,"value":"yolov5"},"type":"log_other"}
{"payload":{"git_metadata":{"branch":"refs/heads/zcx","origin":"https://github.com/Misterursw/deep_sea_ranch.git","parent":"ef9190babe7999b314c47566eecc2f7c6797dcbd","repo_name":"deep_sea_ranch","root":"99916f277a606e36a244794809075b9aa481d9e2","status":null,"user":"alanzhou"},"message_id":128},"type":"git_metadata"}
{"payload":{"local_timestamp":1730036342504,"message_id":129,"output":"Overriding model.yaml nc=80 with nc=1\n","stderr":true},"type":"standard_output"}
{"payload":{"local_timestamp":1730036342505,"message_id":130,"output":"\n                 from  n    params  module                                  arguments                     \n","stderr":true},"type":"standard_output"}
{"payload":{"local_timestamp":1730036342508,"message_id":131,"output":"  0                -1  1      3520  models.common.Conv                      [3, 32, 6, 2, 2]              \n","stderr":true},"type":"standard_output"}
{"payload":{"local_timestamp":1730036342509,"message_id":132,"output":"  1                -1  1     18560  models.common.Conv                      [32, 64, 3, 2]                \n","stderr":true},"type":"standard_output"}
{"payload":{"local_timestamp":1730036342510,"message_id":133,"output":"  2                -1  1     18816  models.common.C3                        [64, 64, 1]                   \n","stderr":true},"type":"standard_output"}
{"payload":{"local_timestamp":1730036342518,"message_id":134,"output":"  3                -1  1     73984  models.common.Conv                      [64, 128, 3, 2]               \n","stderr":true},"type":"standard_output"}
{"payload":{"local_timestamp":1730036342521,"message_id":135,"output":"  4                -1  2    115712  models.common.C3                        [128, 128, 2]                 \n","stderr":true},"type":"standard_output"}
{"payload":{"local_timestamp":1730036342523,"message_id":136,"output":"  5                -1  1    295424  models.common.Conv                      [128, 256, 3, 2]              \n","stderr":true},"type":"standard_output"}
{"payload":{"local_timestamp":1730036342529,"message_id":137,"output":"  6                -1  3    625152  models.common.C3                        [256, 256, 3]                 \n","stderr":true},"type":"standard_output"}
{"payload":{"local_timestamp":1730036342534,"message_id":138,"output":"  7                -1  1   1180672  models.common.Conv                      [256, 512, 3, 2]              \n","stderr":true},"type":"standard_output"}
{"payload":{"local_timestamp":1730036342541,"message_id":139,"output":"  8                -1  1   1182720  models.common.C3                        [512, 512, 1]                 \n","stderr":true},"type":"standard_output"}
{"payload":{"local_timestamp":1730036342676,"message_id":140,"metric":{"epoch":null,"metricName":"sys.cpu.percent.avg","metricValue":0.0,"step":null}},"type":"metric_msg"}
{"payload":{"local_timestamp":1730036342676,"message_id":141,"metric":{"epoch":null,"metricName":"sys.ram.total","metricValue":34158272512,"step":null}},"type":"metric_msg"}
{"payload":{"local_timestamp":1730036342676,"message_id":142,"metric":{"epoch":null,"metricName":"sys.ram.used","metricValue":16341585920,"step":null}},"type":"metric_msg"}
{"payload":{"local_timestamp":1730036342676,"message_id":143,"metric":{"epoch":null,"metricName":"sys.ram.available","metricValue":17816686592,"step":null}},"type":"metric_msg"}
{"payload":{"local_timestamp":1730036342676,"message_id":144,"metric":{"epoch":null,"metricName":"sys.ram.percent.used","metricValue":47.8,"step":null}},"type":"metric_msg"}
{"payload":{"local_timestamp":1730036342676,"message_id":145,"metric":{"epoch":null,"metricName":"sys.load.avg","metricValue":0.0,"step":null}},"type":"metric_msg"}
{"payload":{"local_timestamp":1730036342680,"message_id":146,"output":"  9                -1  1    656896  models.common.SPPF                      [512, 512, 5]                 \n","stderr":true},"type":"standard_output"}
{"payload":{"local_timestamp":1730036342681,"message_id":147,"output":" 10                -1  1    131584  models.common.Conv                      [512, 256, 1, 1]              \n","stderr":true},"type":"standard_output"}
{"payload":{"local_timestamp":1730036342681,"message_id":148,"output":" 11                -1  1         0  torch.nn.modules.upsampling.Upsample    [None, 2, 'nearest']          \n","stderr":true},"type":"standard_output"}
{"payload":{"local_timestamp":1730036342682,"message_id":149,"output":" 12           [-1, 6]  1         0  models.common.Concat                    [1]                           \n","stderr":true},"type":"standard_output"}
{"payload":{"local_timestamp":1730036342684,"message_id":150,"output":" 13                -1  1    361984  models.common.C3                        [512, 256, 1, False]          \n","stderr":true},"type":"standard_output"}
{"payload":{"local_timestamp":1730036342686,"message_id":151,"output":" 14                -1  1     33024  models.common.Conv                      [256, 128, 1, 1]              \n","stderr":true},"type":"standard_output"}
{"payload":{"local_timestamp":1730036342686,"message_id":152,"output":" 15                -1  1         0  torch.nn.modules.upsampling.Upsample    [None, 2, 'nearest']          \n","stderr":true},"type":"standard_output"}
{"payload":{"local_timestamp":1730036342687,"message_id":153,"output":" 16           [-1, 4]  1         0  models.common.Concat                    [1]                           \n","stderr":true},"type":"standard_output"}
{"payload":{"local_timestamp":1730036342689,"message_id":154,"output":" 17                -1  1     90880  models.common.C3                        [256, 128, 1, False]          \n","stderr":true},"type":"standard_output"}
{"payload":{"local_timestamp":1730036342690,"message_id":155,"output":" 18                -1  1    147712  models.common.Conv                      [128, 128, 3, 2]              \n","stderr":true},"type":"standard_output"}
{"payload":{"local_timestamp":1730036342690,"message_id":156,"output":" 19          [-1, 14]  1         0  models.common.Concat                    [1]                           \n","stderr":true},"type":"standard_output"}
{"payload":{"local_timestamp":1730036342693,"message_id":157,"output":" 20                -1  1    296448  models.common.C3                        [256, 256, 1, False]          \n","stderr":true},"type":"standard_output"}
{"payload":{"local_timestamp":1730036342696,"message_id":158,"output":" 21                -1  1    590336  models.common.Conv                      [256, 256, 3, 2]              \n","stderr":true},"type":"standard_output"}
{"payload":{"local_timestamp":1730036342696,"message_id":159,"output":" 22          [-1, 10]  1         0  models.common.Concat                    [1]                           \n","stderr":true},"type":"standard_output"}
{"payload":{"local_timestamp":1730036342702,"message_id":160,"output":" 23                -1  1   1182720  models.common.C3                        [512, 512, 1, False]          \n","stderr":true},"type":"standard_output"}
{"payload":{"local_timestamp":1730036342703,"message_id":161,"output":" 24      [17, 20, 23]  1     16182  models.yolo.Detect                      [1, [[10, 13, 16, 30, 33, 23], [30, 61, 62, 45, 59, 119], [116, 90, 156, 198, 373, 326]], [128, 256, 512]]\n","stderr":true},"type":"standard_output"}
{"payload":{"local_timestamp":1730036342966,"message_id":162,"output":"Model summary: 214 layers, 7022326 parameters, 7022326 gradients, 15.9 GFLOPs\n","stderr":true},"type":"standard_output"}
{"payload":{"local_timestamp":1730036342966,"message_id":163,"output":"\n","stderr":true},"type":"standard_output"}
{"payload":{"local_timestamp":1730036343195,"message_id":164,"output":"Transferred 343/349 items from D:\\deepocean\\deepsea\\models\\yolov5-master\\yolov5s.pt\n","stderr":true},"type":"standard_output"}
{"payload":{"local_timestamp":1730036343267,"message_id":165,"output":"D:\\deepocean\\deepsea\\models\\yolov5-master\\models\\common.py:892: FutureWarning: `torch.cuda.amp.autocast(args...)` is deprecated. Please use `torch.amp.autocast('cuda', args...)` instead.\n  with amp.autocast(autocast):\n","stderr":true},"type":"standard_output"}
{"payload":{"local_timestamp":1730036343574,"message_id":166,"output":"D:\\deepocean\\deepsea\\models\\yolov5-master\\models\\common.py:892: FutureWarning: `torch.cuda.amp.autocast(args...)` is deprecated. Please use `torch.amp.autocast('cuda', args...)` instead.\n  with amp.autocast(autocast):\n","stderr":true},"type":"standard_output"}
{"payload":{"local_timestamp":1730036343732,"message_id":167,"output":"\u001b[34m\u001b[1mAMP: \u001b[0mchecks passed \n","stderr":true},"type":"standard_output"}
{"payload":{"local_timestamp":1730036343734,"message_id":168,"output":"\u001b[34m\u001b[1moptimizer:\u001b[0m SGD(lr=0.01) with parameter groups 57 weight(decay=0.0), 60 weight(decay=0.0005), 60 bias\n","stderr":true},"type":"standard_output"}
{"payload":{"local_timestamp":1730036343866,"message_id":169,"output":"\r\u001b[34m\u001b[1mtrain: \u001b[0mScanning D:\\deepocean\\deepsea\\data\\YOLO_Bubbles_Dataset\\labels...:   0%|          | 0/1000 [00:00<?, ?it/s]\u001b[0m","stderr":true},"type":"standard_output"}
{"payload":{"additional_params":{"assetId":"af0462cbc40f4747bb5dfc0dc6dfa669","context":null,"epoch":null,"extension":"yml","fileName":"conda-environment.yml","overwrite":false,"runId":null,"step":null,"type":"conda-environment-definition"},"clean":true,"file_path":"tmpvid69kh7","local_timestamp":1730036352431,"message_id":170,"metadata":{},"upload_type":"conda-environment-definition"},"type":"file_upload"}
{"payload":{"local_timestamp":1730036352550,"message_id":171,"output":"\r\u001b[34m\u001b[1mtrain: \u001b[0mScanning D:\\deepocean\\deepsea\\data\\YOLO_Bubbles_Dataset\\labels... 1 images, 0 backgrounds, 0 corrupt:   0%|          | 1/1000 [00:08<2:24:35, \u001b[0m","stderr":true},"type":"standard_output"}
{"payload":{"local_timestamp":1730036352667,"message_id":172,"output":"\r\u001b[34m\u001b[1mtrain: \u001b[0mScanning D:\\deepocean\\deepsea\\data\\YOLO_Bubbles_Dataset\\labels... 101 images, 0 backgrounds, 0 corrupt:  10%|\u2588         | 101/1000 [00:08<00:55\u001b[0m","stderr":true},"type":"standard_output"}
{"payload":{"local_timestamp":1730036352767,"message_id":173,"output":"\r\u001b[34m\u001b[1mtrain: \u001b[0mScanning D:\\deepocean\\deepsea\\data\\YOLO_Bubbles_Dataset\\labels... 600 images, 0 backgrounds, 0 corrupt:  60%|\u2588\u2588\u2588\u2588\u2588\u2588    | 600/1000 [00:08<00:03\u001b[0m","stderr":true},"type":"standard_output"}
{"payload":{"local_timestamp":1730036352868,"message_id":174,"output":"\r\u001b[34m\u001b[1mtrain: \u001b[0mScanning D:\\deepocean\\deepsea\\data\\YOLO_Bubbles_Dataset\\labels... 965 images, 0 backgrounds, 0 corrupt:  96%|\u2588\u2588\u2588\u2588\u2588\u2588\u2588\u2588\u2588\u258b| 965/1000 [00:09<00:00\u001b[0m","stderr":true},"type":"standard_output"}
{"payload":{"local_timestamp":1730036352874,"message_id":175,"output":"\r\u001b[34m\u001b[1mtrain: \u001b[0mScanning D:\\deepocean\\deepsea\\data\\YOLO_Bubbles_Dataset\\labels... 1000 images, 0 backgrounds, 0 corrupt: 100%|\u2588\u2588\u2588\u2588\u2588\u2588\u2588\u2588\u2588\u2588| 1000/1000 [00:09<00:\u001b[0m","stderr":true},"type":"standard_output"}
{"payload":{"local_timestamp":1730036352874,"message_id":176,"output":"\n","stderr":true},"type":"standard_output"}
{"payload":{"local_timestamp":1730036353197,"message_id":177,"output":"\u001b[34m\u001b[1mtrain: \u001b[0mNew cache created: D:\\deepocean\\deepsea\\data\\YOLO_Bubbles_Dataset\\labels.cache\n","stderr":true},"type":"standard_output"}
{"payload":{"local_timestamp":1730036353305,"message_id":178,"output":"\r  0%|          | 0/1000 [00:00<?, ?it/s]","stderr":true},"type":"standard_output"}
{"payload":{"local_timestamp":1730036353409,"message_id":179,"output":"\r\u001b[34m\u001b[1mtrain: \u001b[0mCaching images (0.1GB ram):  10%|\u2588         | 100/1000 [00:00<00:00, 957.93it/s]\u001b[0m","stderr":true},"type":"standard_output"}
{"payload":{"local_timestamp":1730036353510,"message_id":180,"output":"\r\u001b[34m\u001b[1mtrain: \u001b[0mCaching images (0.1GB ram):  21%|\u2588\u2588        | 207/1000 [00:00<00:00, 1020.06it/s]\u001b[0m","stderr":true},"type":"standard_output"}
{"payload":{"local_timestamp":1730036353616,"message_id":181,"output":"\r\u001b[34m\u001b[1mtrain: \u001b[0mCaching images (0.2GB ram):  32%|\u2588\u2588\u2588\u258f      | 324/1000 [00:00<00:00, 1066.78it/s]\u001b[0m","stderr":true},"type":"standard_output"}
{"payload":{"local_timestamp":1730036353717,"message_id":182,"output":"\r\u001b[34m\u001b[1mtrain: \u001b[0mCaching images (0.2GB ram):  43%|\u2588\u2588\u2588\u2588\u258e     | 432/1000 [00:00<00:00, 1067.29it/s]\u001b[0m","stderr":true},"type":"standard_output"}
{"payload":{"local_timestamp":1730036353817,"message_id":183,"output":"\r\u001b[34m\u001b[1mtrain: \u001b[0mCaching images (0.3GB ram):  54%|\u2588\u2588\u2588\u2588\u2588\u258d    | 539/1000 [00:00<00:00, 1060.73it/s]\u001b[0m","stderr":true},"type":"standard_output"}
{"payload":{"local_timestamp":1730036353919,"message_id":184,"output":"\r\u001b[34m\u001b[1mtrain: \u001b[0mCaching images (0.4GB ram):  66%|\u2588\u2588\u2588\u2588\u2588\u2588\u258c   | 658/1000 [00:00<00:00, 1098.10it/s]\u001b[0m","stderr":true},"type":"standard_output"}
{"payload":{"local_timestamp":1730036354024,"message_id":185,"output":"\r\u001b[34m\u001b[1mtrain: \u001b[0mCaching images (0.4GB ram):  77%|\u2588\u2588\u2588\u2588\u2588\u2588\u2588\u258b  | 768/1000 [00:00<00:00, 1081.29it/s]\u001b[0m","stderr":true},"type":"standard_output"}
{"payload":{"local_timestamp":1730036354125,"message_id":186,"output":"\r\u001b[34m\u001b[1mtrain: \u001b[0mCaching images (0.5GB ram):  89%|\u2588\u2588\u2588\u2588\u2588\u2588\u2588\u2588\u2589 | 891/1000 [00:00<00:00, 1122.65it/s]\u001b[0m","stderr":true},"type":"standard_output"}
{"payload":{"local_timestamp":1730036354219,"message_id":187,"output":"\r\u001b[34m\u001b[1mtrain: \u001b[0mCaching images (0.6GB ram): 100%|\u2588\u2588\u2588\u2588\u2588\u2588\u2588\u2588\u2588\u2588| 1000/1000 [00:00<00:00, 1093.96it/s]\u001b[0m","stderr":true},"type":"standard_output"}
{"payload":{"local_timestamp":1730036354219,"message_id":188,"output":"\n","stderr":true},"type":"standard_output"}
{"payload":{"additional_params":{"assetId":"b2dd470b819b44beac3f24b1fd9d21cd","context":null,"epoch":null,"extension":"txt","fileName":"conda-spec.txt","overwrite":false,"runId":null,"step":null,"type":"conda-specification"},"clean":true,"file_path":"tmpw4zny5d2","local_timestamp":1730036354725,"message_id":189,"metadata":{},"upload_type":"conda-specification"},"type":"file_upload"}
{"payload":{"additional_params":{"assetId":"fd01188733b54e21832f7736fc73fcf6","context":null,"epoch":null,"extension":"yml","fileName":"conda-info.yml","overwrite":false,"runId":null,"step":null,"type":"conda-info"},"clean":true,"file_path":"tmpupxse6q5","local_timestamp":1730036356051,"message_id":190,"metadata":{},"upload_type":"conda-info"},"type":"file_upload"}
{"payload":{"local_timestamp":1730036372883,"message_id":191,"metric":{"epoch":null,"metricName":"sys.gpu.0.gpu_utilization","metricValue":8,"step":null}},"type":"metric_msg"}
{"payload":{"local_timestamp":1730036372883,"message_id":192,"metric":{"epoch":null,"metricName":"sys.gpu.0.power_usage","metricValue":11168,"step":null}},"type":"metric_msg"}
{"payload":{"local_timestamp":1730036372883,"message_id":193,"metric":{"epoch":null,"metricName":"sys.gpu.0.temperature","metricValue":46,"step":null}},"type":"metric_msg"}
{"payload":{"local_timestamp":1730036372883,"message_id":194,"metric":{"epoch":null,"metricName":"sys.gpu.0.memory_utilization","metricValue":5,"step":null}},"type":"metric_msg"}
{"payload":{"local_timestamp":1730036372883,"message_id":195,"metric":{"epoch":null,"metricName":"sys.gpu.0.free_memory","metricValue":5644926976,"step":null}},"type":"metric_msg"}
{"payload":{"local_timestamp":1730036372883,"message_id":196,"metric":{"epoch":null,"metricName":"sys.gpu.0.used_memory","metricValue":2940813312,"step":null}},"type":"metric_msg"}
{"payload":{"local_timestamp":1730036372883,"message_id":197,"metric":{"epoch":null,"metricName":"sys.gpu.0.percent.used_memory","metricValue":34.25229756961407,"step":null}},"type":"metric_msg"}
{"payload":{"local_timestamp":1730036373003,"message_id":198,"metric":{"epoch":null,"metricName":"sys.cpu.percent.avg","metricValue":4.681249999999999,"step":null}},"type":"metric_msg"}
{"payload":{"local_timestamp":1730036373003,"message_id":199,"metric":{"epoch":null,"metricName":"sys.ram.total","metricValue":34158272512,"step":null}},"type":"metric_msg"}
{"payload":{"local_timestamp":1730036373003,"message_id":200,"metric":{"epoch":null,"metricName":"sys.ram.used","metricValue":21065744384,"step":null}},"type":"metric_msg"}
{"payload":{"local_timestamp":1730036373003,"message_id":201,"metric":{"epoch":null,"metricName":"sys.ram.available","metricValue":13092528128,"step":null}},"type":"metric_msg"}
{"payload":{"local_timestamp":1730036373003,"message_id":202,"metric":{"epoch":null,"metricName":"sys.ram.percent.used","metricValue":61.7,"step":null}},"type":"metric_msg"}
{"payload":{"local_timestamp":1730036373003,"message_id":203,"metric":{"epoch":null,"metricName":"sys.load.avg","metricValue":0.18,"step":null}},"type":"metric_msg"}
{"payload":{"local_timestamp":1730036373121,"message_id":204,"metric":{"epoch":null,"metricName":"sys.network.send_bps","metricValue":1245,"step":null}},"type":"metric_msg"}
{"payload":{"local_timestamp":1730036373121,"message_id":205,"metric":{"epoch":null,"metricName":"sys.network.receive_bps","metricValue":1118,"step":null}},"type":"metric_msg"}
{"payload":{"local_timestamp":1730036373225,"message_id":206,"metric":{"epoch":null,"metricName":"sys.disk.read_bps","metricValue":5353734.371270332,"step":null}},"type":"metric_msg"}
{"payload":{"local_timestamp":1730036373225,"message_id":207,"metric":{"epoch":null,"metricName":"sys.disk.write_bps","metricValue":1245664.4352157994,"step":null}},"type":"metric_msg"}
{"payload":{"local_timestamp":1730036403146,"message_id":208,"metric":{"epoch":null,"metricName":"sys.gpu.0.gpu_utilization","metricValue":5,"step":null}},"type":"metric_msg"}
{"payload":{"local_timestamp":1730036403146,"message_id":209,"metric":{"epoch":null,"metricName":"sys.gpu.0.power_usage","metricValue":11438,"step":null}},"type":"metric_msg"}
{"payload":{"local_timestamp":1730036403146,"message_id":210,"metric":{"epoch":null,"metricName":"sys.gpu.0.temperature","metricValue":46,"step":null}},"type":"metric_msg"}
{"payload":{"local_timestamp":1730036403146,"message_id":211,"metric":{"epoch":null,"metricName":"sys.gpu.0.memory_utilization","metricValue":4,"step":null}},"type":"metric_msg"}
{"payload":{"local_timestamp":1730036403146,"message_id":212,"metric":{"epoch":null,"metricName":"sys.gpu.0.free_memory","metricValue":5644926976,"step":null}},"type":"metric_msg"}
{"payload":{"local_timestamp":1730036403146,"message_id":213,"metric":{"epoch":null,"metricName":"sys.gpu.0.used_memory","metricValue":2940813312,"step":null}},"type":"metric_msg"}
{"payload":{"local_timestamp":1730036403146,"message_id":214,"metric":{"epoch":null,"metricName":"sys.gpu.0.percent.used_memory","metricValue":34.25229756961407,"step":null}},"type":"metric_msg"}
{"payload":{"local_timestamp":1730036403260,"message_id":215,"metric":{"epoch":null,"metricName":"sys.cpu.percent.avg","metricValue":2.7406249999999996,"step":null}},"type":"metric_msg"}
{"payload":{"local_timestamp":1730036403260,"message_id":216,"metric":{"epoch":null,"metricName":"sys.ram.total","metricValue":34158272512,"step":null}},"type":"metric_msg"}
{"payload":{"local_timestamp":1730036403260,"message_id":217,"metric":{"epoch":null,"metricName":"sys.ram.used","metricValue":25237725184,"step":null}},"type":"metric_msg"}
{"payload":{"local_timestamp":1730036403260,"message_id":218,"metric":{"epoch":null,"metricName":"sys.ram.available","metricValue":8920547328,"step":null}},"type":"metric_msg"}
{"payload":{"local_timestamp":1730036403260,"message_id":219,"metric":{"epoch":null,"metricName":"sys.ram.percent.used","metricValue":73.9,"step":null}},"type":"metric_msg"}
{"payload":{"local_timestamp":1730036403260,"message_id":220,"metric":{"epoch":null,"metricName":"sys.load.avg","metricValue":0.33,"step":null}},"type":"metric_msg"}
{"payload":{"local_timestamp":1730036403367,"message_id":221,"metric":{"epoch":null,"metricName":"sys.network.send_bps","metricValue":1644,"step":null}},"type":"metric_msg"}
{"payload":{"local_timestamp":1730036403367,"message_id":222,"metric":{"epoch":null,"metricName":"sys.network.receive_bps","metricValue":2663,"step":null}},"type":"metric_msg"}
{"payload":{"local_timestamp":1730036403472,"message_id":223,"metric":{"epoch":null,"metricName":"sys.disk.read_bps","metricValue":2172783.319627704,"step":null}},"type":"metric_msg"}
{"payload":{"local_timestamp":1730036403472,"message_id":224,"metric":{"epoch":null,"metricName":"sys.disk.write_bps","metricValue":1025267.317595282,"step":null}},"type":"metric_msg"}
{"payload":{"local_timestamp":1730036403981,"message_id":225,"output":"Traceback (most recent call last):\n  File \"D:\\deepocean\\deepsea\\models\\yolov5-master\\utils\\dataloaders.py\", line 591, in __init__\n    assert self.im_files, f\"{prefix}No images found\"\nAssertionError: \u001b[34m\u001b[1mval: \u001b[0mNo images found\n\nThe above exception was the direct cause of the following exception:\n\nTraceback (most recent call last):\n  File \"D:\\deepocean\\deepsea\\models\\yolov5-master\\train.py\", line 986, in <module>\n    main(opt)\n  File \"D:\\deepocean\\deepsea\\models\\yolov5-master\\train.py\", line 688, in main\n    train(opt.hyp, opt, device, callbacks)\n  File \"D:\\deepocean\\deepsea\\models\\yolov5-master\\train.py\", line 309, in train\n    val_loader = create_dataloader(\n  File \"D:\\deepocean\\deepsea\\models\\yolov5-master\\utils\\dataloaders.py\", line 184, in create_dataloader\n    dataset = LoadImagesAndLabels(\n  File \"D:\\deepocean\\deepsea\\models\\yolov5-master\\utils\\dataloaders.py\", line 593, in __init__\n    raise Exception(f\"{prefix}Error loading data from {path}: {e}\\n{HELP_URL}\") from e\nException: \u001b[34m\u001b[1mval: \u001b[0mError loading data from D:\\deepocean\\deepsea\\data\\YOLO_Bubbles_Dataset\\labels: \u001b[34m\u001b[1mval: \u001b[0mNo images found\nSee https://docs.ultralytics.com/yolov5/tutorials/train_custom_data\n","stderr":true},"type":"standard_output"}
{"payload":{"local_timestamp":1730036403983,"message_id":226,"output":"\u001b[1;38;5;39mCOMET INFO:\u001b[0m ---------------------------------------------------------------------------------------\n","stderr":true},"type":"standard_output"}
{"payload":{"local_timestamp":1730036403983,"message_id":227,"output":"\u001b[1;38;5;39mCOMET INFO:\u001b[0m Comet.ml OfflineExperiment Summary\n","stderr":true},"type":"standard_output"}
{"payload":{"local_timestamp":1730036403983,"message_id":228,"output":"\u001b[1;38;5;39mCOMET INFO:\u001b[0m ---------------------------------------------------------------------------------------\n","stderr":true},"type":"standard_output"}
{"payload":{"local_timestamp":1730036403983,"message_id":229,"output":"\u001b[1;38;5;39mCOMET INFO:\u001b[0m   Data:\n","stderr":true},"type":"standard_output"}
{"payload":{"local_timestamp":1730036403983,"message_id":230,"output":"\u001b[1;38;5;39mCOMET INFO:\u001b[0m     display_summary_level : 1\n","stderr":true},"type":"standard_output"}
{"payload":{"local_timestamp":1730036403983,"message_id":231,"output":"\u001b[1;38;5;39mCOMET INFO:\u001b[0m     name                  : my_experiment\n","stderr":true},"type":"standard_output"}
{"payload":{"local_timestamp":1730036403983,"message_id":232,"output":"\u001b[1;38;5;39mCOMET INFO:\u001b[0m     url                   : [OfflineExperiment will get URL after upload]\n","stderr":true},"type":"standard_output"}
{"payload":{"local_timestamp":1730036403983,"message_id":233,"output":"\u001b[1;38;5;39mCOMET INFO:\u001b[0m   Others:\n","stderr":true},"type":"standard_output"}
{"payload":{"local_timestamp":1730036403985,"message_id":234,"output":"\u001b[1;38;5;39mCOMET INFO:\u001b[0m     Created from                : YOLOv5\n","stderr":true},"type":"standard_output"}
{"payload":{"local_timestamp":1730036403985,"message_id":235,"output":"\u001b[1;38;5;39mCOMET INFO:\u001b[0m     Name                        : my_experiment\n","stderr":true},"type":"standard_output"}
{"payload":{"local_timestamp":1730036403985,"message_id":236,"output":"\u001b[1;38;5;39mCOMET INFO:\u001b[0m     comet_log_batch_metrics     : False\n","stderr":true},"type":"standard_output"}
{"payload":{"local_timestamp":1730036403987,"message_id":237,"output":"\u001b[1;38;5;39mCOMET INFO:\u001b[0m     comet_log_confusion_matrix  : True\n","stderr":true},"type":"standard_output"}
{"payload":{"local_timestamp":1730036403987,"message_id":238,"output":"\u001b[1;38;5;39mCOMET INFO:\u001b[0m     comet_log_per_class_metrics : False\n","stderr":true},"type":"standard_output"}
{"payload":{"local_timestamp":1730036403988,"message_id":239,"output":"\u001b[1;38;5;39mCOMET INFO:\u001b[0m     comet_max_image_uploads     : 100\n","stderr":true},"type":"standard_output"}
{"payload":{"local_timestamp":1730036403988,"message_id":240,"output":"\u001b[1;38;5;39mCOMET INFO:\u001b[0m     comet_mode                  : online\n","stderr":true},"type":"standard_output"}
{"payload":{"local_timestamp":1730036403988,"message_id":241,"output":"\u001b[1;38;5;39mCOMET INFO:\u001b[0m     comet_model_name            : yolov5\n","stderr":true},"type":"standard_output"}
{"payload":{"local_timestamp":1730036403988,"message_id":242,"output":"\u001b[1;38;5;39mCOMET INFO:\u001b[0m     hasNestedParams             : True\n","stderr":true},"type":"standard_output"}
{"payload":{"local_timestamp":1730036403989,"message_id":243,"output":"\u001b[1;38;5;39mCOMET INFO:\u001b[0m     offline_experiment          : True\n","stderr":true},"type":"standard_output"}
{"payload":{"local_timestamp":1730036403989,"message_id":244,"output":"\u001b[1;38;5;39mCOMET INFO:\u001b[0m   Parameters:\n","stderr":true},"type":"standard_output"}
{"payload":{"local_timestamp":1730036403989,"message_id":245,"output":"\u001b[1;38;5;39mCOMET INFO:\u001b[0m     anchor_t            : 4.0\n","stderr":true},"type":"standard_output"}
{"payload":{"local_timestamp":1730036403989,"message_id":246,"output":"\u001b[1;38;5;39mCOMET INFO:\u001b[0m     artifact_alias      : latest\n","stderr":true},"type":"standard_output"}
{"payload":{"local_timestamp":1730036403990,"message_id":247,"output":"\u001b[1;38;5;39mCOMET INFO:\u001b[0m     batch_size          : 16\n","stderr":true},"type":"standard_output"}
{"payload":{"local_timestamp":1730036403990,"message_id":248,"output":"\u001b[1;38;5;39mCOMET INFO:\u001b[0m     bbox_interval       : -1\n","stderr":true},"type":"standard_output"}
{"payload":{"local_timestamp":1730036403990,"message_id":249,"output":"\u001b[1;38;5;39mCOMET INFO:\u001b[0m     box                 : 0.05\n","stderr":true},"type":"standard_output"}
{"payload":{"local_timestamp":1730036403990,"message_id":250,"output":"\u001b[1;38;5;39mCOMET INFO:\u001b[0m     bucket              : \n","stderr":true},"type":"standard_output"}
{"payload":{"local_timestamp":1730036403990,"message_id":251,"output":"\u001b[1;38;5;39mCOMET INFO:\u001b[0m     cfg                 : \n","stderr":true},"type":"standard_output"}
{"payload":{"local_timestamp":1730036403990,"message_id":252,"output":"\u001b[1;38;5;39mCOMET INFO:\u001b[0m     cls                 : 0.5\n","stderr":true},"type":"standard_output"}
{"payload":{"local_timestamp":1730036403991,"message_id":253,"output":"\u001b[1;38;5;39mCOMET INFO:\u001b[0m     cls_pw              : 1.0\n","stderr":true},"type":"standard_output"}
{"payload":{"local_timestamp":1730036403991,"message_id":254,"output":"\u001b[1;38;5;39mCOMET INFO:\u001b[0m     copy_paste          : 0.0\n","stderr":true},"type":"standard_output"}
{"payload":{"local_timestamp":1730036403991,"message_id":255,"output":"\u001b[1;38;5;39mCOMET INFO:\u001b[0m     cos_lr              : False\n","stderr":true},"type":"standard_output"}
{"payload":{"local_timestamp":1730036403992,"message_id":256,"output":"\u001b[1;38;5;39mCOMET INFO:\u001b[0m     degrees             : 0.0\n","stderr":true},"type":"standard_output"}
{"payload":{"local_timestamp":1730036403992,"message_id":257,"output":"\u001b[1;38;5;39mCOMET INFO:\u001b[0m     device              : \n","stderr":true},"type":"standard_output"}
{"payload":{"local_timestamp":1730036403992,"message_id":258,"output":"\u001b[1;38;5;39mCOMET INFO:\u001b[0m     entity              : None\n","stderr":true},"type":"standard_output"}
{"payload":{"local_timestamp":1730036403992,"message_id":259,"output":"\u001b[1;38;5;39mCOMET INFO:\u001b[0m     evolve              : None\n","stderr":true},"type":"standard_output"}
{"payload":{"local_timestamp":1730036403992,"message_id":260,"output":"\u001b[1;38;5;39mCOMET INFO:\u001b[0m     evolve_population   : models\\yolov5-master\\data\\hyps\n","stderr":true},"type":"standard_output"}
{"payload":{"local_timestamp":1730036403993,"message_id":261,"output":"\u001b[1;38;5;39mCOMET INFO:\u001b[0m     exist_ok            : False\n","stderr":true},"type":"standard_output"}
{"payload":{"local_timestamp":1730036403993,"message_id":262,"output":"\u001b[1;38;5;39mCOMET INFO:\u001b[0m     fl_gamma            : 0.0\n","stderr":true},"type":"standard_output"}
{"payload":{"local_timestamp":1730036403994,"message_id":263,"output":"\u001b[1;38;5;39mCOMET INFO:\u001b[0m     fliplr              : 0.5\n","stderr":true},"type":"standard_output"}
{"payload":{"local_timestamp":1730036403995,"message_id":264,"output":"\u001b[1;38;5;39mCOMET INFO:\u001b[0m     flipud              : 0.0\n","stderr":true},"type":"standard_output"}
{"payload":{"local_timestamp":1730036403995,"message_id":265,"output":"\u001b[1;38;5;39mCOMET INFO:\u001b[0m     freeze              : [0]\n","stderr":true},"type":"standard_output"}
{"payload":{"local_timestamp":1730036403996,"message_id":266,"output":"\u001b[1;38;5;39mCOMET INFO:\u001b[0m     hsv_h               : 0.015\n","stderr":true},"type":"standard_output"}
{"payload":{"local_timestamp":1730036403996,"message_id":267,"output":"\u001b[1;38;5;39mCOMET INFO:\u001b[0m     hsv_s               : 0.7\n","stderr":true},"type":"standard_output"}
{"payload":{"local_timestamp":1730036403997,"message_id":268,"output":"\u001b[1;38;5;39mCOMET INFO:\u001b[0m     hsv_v               : 0.4\n","stderr":true},"type":"standard_output"}
{"payload":{"local_timestamp":1730036403997,"message_id":269,"output":"\u001b[1;38;5;39mCOMET INFO:\u001b[0m     hyp|anchor_t        : 4.0\n","stderr":true},"type":"standard_output"}
{"payload":{"local_timestamp":1730036403997,"message_id":270,"output":"\u001b[1;38;5;39mCOMET INFO:\u001b[0m     hyp|box             : 0.05\n","stderr":true},"type":"standard_output"}
{"payload":{"local_timestamp":1730036403997,"message_id":271,"output":"\u001b[1;38;5;39mCOMET INFO:\u001b[0m     hyp|cls             : 0.5\n","stderr":true},"type":"standard_output"}
{"payload":{"local_timestamp":1730036403999,"message_id":272,"output":"\u001b[1;38;5;39mCOMET INFO:\u001b[0m     hyp|cls_pw          : 1.0\n","stderr":true},"type":"standard_output"}
{"payload":{"local_timestamp":1730036403999,"message_id":273,"output":"\u001b[1;38;5;39mCOMET INFO:\u001b[0m     hyp|copy_paste      : 0.0\n","stderr":true},"type":"standard_output"}
{"payload":{"local_timestamp":1730036403999,"message_id":274,"output":"\u001b[1;38;5;39mCOMET INFO:\u001b[0m     hyp|degrees         : 0.0\n","stderr":true},"type":"standard_output"}
{"payload":{"local_timestamp":1730036403999,"message_id":275,"output":"\u001b[1;38;5;39mCOMET INFO:\u001b[0m     hyp|fl_gamma        : 0.0\n","stderr":true},"type":"standard_output"}
{"payload":{"local_timestamp":1730036404000,"message_id":276,"output":"\u001b[1;38;5;39mCOMET INFO:\u001b[0m     hyp|fliplr          : 0.5\n","stderr":true},"type":"standard_output"}
{"payload":{"local_timestamp":1730036404000,"message_id":277,"output":"\u001b[1;38;5;39mCOMET INFO:\u001b[0m     hyp|flipud          : 0.0\n","stderr":true},"type":"standard_output"}
{"payload":{"local_timestamp":1730036404000,"message_id":278,"output":"\u001b[1;38;5;39mCOMET INFO:\u001b[0m     hyp|hsv_h           : 0.015\n","stderr":true},"type":"standard_output"}
{"payload":{"local_timestamp":1730036404000,"message_id":279,"output":"\u001b[1;38;5;39mCOMET INFO:\u001b[0m     hyp|hsv_s           : 0.7\n","stderr":true},"type":"standard_output"}
{"payload":{"local_timestamp":1730036404001,"message_id":280,"output":"\u001b[1;38;5;39mCOMET INFO:\u001b[0m     hyp|hsv_v           : 0.4\n","stderr":true},"type":"standard_output"}
{"payload":{"local_timestamp":1730036404001,"message_id":281,"output":"\u001b[1;38;5;39mCOMET INFO:\u001b[0m     hyp|iou_t           : 0.2\n","stderr":true},"type":"standard_output"}
{"payload":{"local_timestamp":1730036404001,"message_id":282,"output":"\u001b[1;38;5;39mCOMET INFO:\u001b[0m     hyp|lr0             : 0.01\n","stderr":true},"type":"standard_output"}
{"payload":{"local_timestamp":1730036404001,"message_id":283,"output":"\u001b[1;38;5;39mCOMET INFO:\u001b[0m     hyp|lrf             : 0.01\n","stderr":true},"type":"standard_output"}
{"payload":{"local_timestamp":1730036404002,"message_id":284,"output":"\u001b[1;38;5;39mCOMET INFO:\u001b[0m     hyp|mixup           : 0.0\n","stderr":true},"type":"standard_output"}
{"payload":{"local_timestamp":1730036404002,"message_id":285,"output":"\u001b[1;38;5;39mCOMET INFO:\u001b[0m     hyp|momentum        : 0.937\n","stderr":true},"type":"standard_output"}
{"payload":{"local_timestamp":1730036404002,"message_id":286,"output":"\u001b[1;38;5;39mCOMET INFO:\u001b[0m     hyp|mosaic          : 1.0\n","stderr":true},"type":"standard_output"}
{"payload":{"local_timestamp":1730036404002,"message_id":287,"output":"\u001b[1;38;5;39mCOMET INFO:\u001b[0m     hyp|obj             : 1.0\n","stderr":true},"type":"standard_output"}
{"payload":{"local_timestamp":1730036404003,"message_id":288,"output":"\u001b[1;38;5;39mCOMET INFO:\u001b[0m     hyp|obj_pw          : 1.0\n","stderr":true},"type":"standard_output"}
{"payload":{"local_timestamp":1730036404003,"message_id":289,"output":"\u001b[1;38;5;39mCOMET INFO:\u001b[0m     hyp|perspective     : 0.0\n","stderr":true},"type":"standard_output"}
{"payload":{"local_timestamp":1730036404003,"message_id":290,"output":"\u001b[1;38;5;39mCOMET INFO:\u001b[0m     hyp|scale           : 0.5\n","stderr":true},"type":"standard_output"}
{"payload":{"local_timestamp":1730036404004,"message_id":291,"output":"\u001b[1;38;5;39mCOMET INFO:\u001b[0m     hyp|shear           : 0.0\n","stderr":true},"type":"standard_output"}
{"payload":{"local_timestamp":1730036404004,"message_id":292,"output":"\u001b[1;38;5;39mCOMET INFO:\u001b[0m     hyp|translate       : 0.1\n","stderr":true},"type":"standard_output"}
{"payload":{"local_timestamp":1730036404005,"message_id":293,"output":"\u001b[1;38;5;39mCOMET INFO:\u001b[0m     hyp|warmup_bias_lr  : 0.1\n","stderr":true},"type":"standard_output"}
{"payload":{"local_timestamp":1730036404005,"message_id":294,"output":"\u001b[1;38;5;39mCOMET INFO:\u001b[0m     hyp|warmup_epochs   : 3.0\n","stderr":true},"type":"standard_output"}
{"payload":{"local_timestamp":1730036404005,"message_id":295,"output":"\u001b[1;38;5;39mCOMET INFO:\u001b[0m     hyp|warmup_momentum : 0.8\n","stderr":true},"type":"standard_output"}
{"payload":{"local_timestamp":1730036404006,"message_id":296,"output":"\u001b[1;38;5;39mCOMET INFO:\u001b[0m     hyp|weight_decay    : 0.0005\n","stderr":true},"type":"standard_output"}
{"payload":{"local_timestamp":1730036404006,"message_id":297,"output":"\u001b[1;38;5;39mCOMET INFO:\u001b[0m     image_weights       : False\n","stderr":true},"type":"standard_output"}
{"payload":{"local_timestamp":1730036404006,"message_id":298,"output":"\u001b[1;38;5;39mCOMET INFO:\u001b[0m     imgsz               : 640\n","stderr":true},"type":"standard_output"}
{"payload":{"local_timestamp":1730036404006,"message_id":299,"output":"\u001b[1;38;5;39mCOMET INFO:\u001b[0m     iou_t               : 0.2\n","stderr":true},"type":"standard_output"}
{"payload":{"local_timestamp":1730036404006,"message_id":300,"output":"\u001b[1;38;5;39mCOMET INFO:\u001b[0m     label_smoothing     : 0.0\n","stderr":true},"type":"standard_output"}
{"payload":{"local_timestamp":1730036404007,"message_id":301,"output":"\u001b[1;38;5;39mCOMET INFO:\u001b[0m     local_rank          : -1\n","stderr":true},"type":"standard_output"}
{"payload":{"local_timestamp":1730036404007,"message_id":302,"output":"\u001b[1;38;5;39mCOMET INFO:\u001b[0m     lr0                 : 0.01\n","stderr":true},"type":"standard_output"}
{"payload":{"local_timestamp":1730036404007,"message_id":303,"output":"\u001b[1;38;5;39mCOMET INFO:\u001b[0m     lrf                 : 0.01\n","stderr":true},"type":"standard_output"}
{"payload":{"local_timestamp":1730036404007,"message_id":304,"output":"\u001b[1;38;5;39mCOMET INFO:\u001b[0m     mixup               : 0.0\n","stderr":true},"type":"standard_output"}
{"payload":{"local_timestamp":1730036404008,"message_id":305,"output":"\u001b[1;38;5;39mCOMET INFO:\u001b[0m     momentum            : 0.937\n","stderr":true},"type":"standard_output"}
{"payload":{"local_timestamp":1730036404008,"message_id":306,"output":"\u001b[1;38;5;39mCOMET INFO:\u001b[0m     mosaic              : 1.0\n","stderr":true},"type":"standard_output"}
{"payload":{"local_timestamp":1730036404008,"message_id":307,"output":"\u001b[1;38;5;39mCOMET INFO:\u001b[0m     multi_scale         : False\n","stderr":true},"type":"standard_output"}
{"payload":{"local_timestamp":1730036404008,"message_id":308,"output":"\u001b[1;38;5;39mCOMET INFO:\u001b[0m     ndjson_console      : False\n","stderr":true},"type":"standard_output"}
{"payload":{"local_timestamp":1730036404009,"message_id":309,"output":"\u001b[1;38;5;39mCOMET INFO:\u001b[0m     ndjson_file         : False\n","stderr":true},"type":"standard_output"}
{"payload":{"local_timestamp":1730036404009,"message_id":310,"output":"\u001b[1;38;5;39mCOMET INFO:\u001b[0m     noautoanchor        : False\n","stderr":true},"type":"standard_output"}
{"payload":{"local_timestamp":1730036404009,"message_id":311,"output":"\u001b[1;38;5;39mCOMET INFO:\u001b[0m     noplots             : False\n","stderr":true},"type":"standard_output"}
{"payload":{"local_timestamp":1730036404009,"message_id":312,"output":"\u001b[1;38;5;39mCOMET INFO:\u001b[0m     nosave              : False\n","stderr":true},"type":"standard_output"}
{"payload":{"local_timestamp":1730036404010,"message_id":313,"output":"\u001b[1;38;5;39mCOMET INFO:\u001b[0m     noval               : False\n","stderr":true},"type":"standard_output"}
{"payload":{"local_timestamp":1730036404010,"message_id":314,"output":"\u001b[1;38;5;39mCOMET INFO:\u001b[0m     obj                 : 1.0\n","stderr":true},"type":"standard_output"}
{"payload":{"local_timestamp":1730036404010,"message_id":315,"output":"\u001b[1;38;5;39mCOMET INFO:\u001b[0m     obj_pw              : 1.0\n","stderr":true},"type":"standard_output"}
{"payload":{"local_timestamp":1730036404010,"message_id":316,"output":"\u001b[1;38;5;39mCOMET INFO:\u001b[0m     optimizer           : SGD\n","stderr":true},"type":"standard_output"}
{"payload":{"local_timestamp":1730036404011,"message_id":317,"output":"\u001b[1;38;5;39mCOMET INFO:\u001b[0m     patience            : 100\n","stderr":true},"type":"standard_output"}
{"payload":{"local_timestamp":1730036404011,"message_id":318,"output":"\u001b[1;38;5;39mCOMET INFO:\u001b[0m     perspective         : 0.0\n","stderr":true},"type":"standard_output"}
{"payload":{"local_timestamp":1730036404011,"message_id":319,"output":"\u001b[1;38;5;39mCOMET INFO:\u001b[0m     quad                : False\n","stderr":true},"type":"standard_output"}
{"payload":{"local_timestamp":1730036404011,"message_id":320,"output":"\u001b[1;38;5;39mCOMET INFO:\u001b[0m     rect                : False\n","stderr":true},"type":"standard_output"}
{"payload":{"local_timestamp":1730036404012,"message_id":321,"output":"\u001b[1;38;5;39mCOMET INFO:\u001b[0m     resume              : False\n","stderr":true},"type":"standard_output"}
{"payload":{"local_timestamp":1730036404012,"message_id":322,"output":"\u001b[1;38;5;39mCOMET INFO:\u001b[0m     resume_evolve       : None\n","stderr":true},"type":"standard_output"}
{"payload":{"local_timestamp":1730036404012,"message_id":323,"output":"\u001b[1;38;5;39mCOMET INFO:\u001b[0m     save_dir            : my_project\\my_experiment4\n","stderr":true},"type":"standard_output"}
{"payload":{"local_timestamp":1730036404014,"message_id":324,"output":"\u001b[1;38;5;39mCOMET INFO:\u001b[0m     save_period         : -1\n","stderr":true},"type":"standard_output"}
{"payload":{"local_timestamp":1730036404014,"message_id":325,"output":"\u001b[1;38;5;39mCOMET INFO:\u001b[0m     scale               : 0.5\n","stderr":true},"type":"standard_output"}
{"payload":{"local_timestamp":1730036404014,"message_id":326,"output":"\u001b[1;38;5;39mCOMET INFO:\u001b[0m     seed                : 0\n","stderr":true},"type":"standard_output"}
{"payload":{"local_timestamp":1730036404014,"message_id":327,"output":"\u001b[1;38;5;39mCOMET INFO:\u001b[0m     shear               : 0.0\n","stderr":true},"type":"standard_output"}
{"payload":{"local_timestamp":1730036404014,"message_id":328,"output":"\u001b[1;38;5;39mCOMET INFO:\u001b[0m     single_cls          : False\n","stderr":true},"type":"standard_output"}
{"payload":{"local_timestamp":1730036404015,"message_id":329,"output":"\u001b[1;38;5;39mCOMET INFO:\u001b[0m     sync_bn             : False\n","stderr":true},"type":"standard_output"}
{"payload":{"local_timestamp":1730036404015,"message_id":330,"output":"\u001b[1;38;5;39mCOMET INFO:\u001b[0m     translate           : 0.1\n","stderr":true},"type":"standard_output"}
{"payload":{"local_timestamp":1730036404015,"message_id":331,"output":"\u001b[1;38;5;39mCOMET INFO:\u001b[0m     upload_dataset      : False\n","stderr":true},"type":"standard_output"}
{"payload":{"local_timestamp":1730036404015,"message_id":332,"output":"\u001b[1;38;5;39mCOMET INFO:\u001b[0m     val_conf_threshold  : 0.001\n","stderr":true},"type":"standard_output"}
{"payload":{"local_timestamp":1730036404015,"message_id":333,"output":"\u001b[1;38;5;39mCOMET INFO:\u001b[0m     val_iou_threshold   : 0.6\n","stderr":true},"type":"standard_output"}
{"payload":{"local_timestamp":1730036404015,"message_id":334,"output":"\u001b[1;38;5;39mCOMET INFO:\u001b[0m     warmup_bias_lr      : 0.1\n","stderr":true},"type":"standard_output"}
{"payload":{"local_timestamp":1730036404016,"message_id":335,"output":"\u001b[1;38;5;39mCOMET INFO:\u001b[0m     warmup_epochs       : 3.0\n","stderr":true},"type":"standard_output"}
{"payload":{"local_timestamp":1730036404016,"message_id":336,"output":"\u001b[1;38;5;39mCOMET INFO:\u001b[0m     warmup_momentum     : 0.8\n","stderr":true},"type":"standard_output"}
{"payload":{"local_timestamp":1730036404016,"message_id":337,"output":"\u001b[1;38;5;39mCOMET INFO:\u001b[0m     weight_decay        : 0.0005\n","stderr":true},"type":"standard_output"}
{"payload":{"local_timestamp":1730036404016,"message_id":338,"output":"\u001b[1;38;5;39mCOMET INFO:\u001b[0m     workers             : 8\n","stderr":true},"type":"standard_output"}
{"payload":{"local_timestamp":1730036404016,"message_id":339,"output":"\u001b[1;38;5;39mCOMET INFO:\u001b[0m   Uploads:\n","stderr":true},"type":"standard_output"}
{"payload":{"local_timestamp":1730036404016,"message_id":340,"output":"\u001b[1;38;5;39mCOMET INFO:\u001b[0m     asset                        : 3 (1.45 KB)\n","stderr":true},"type":"standard_output"}
{"payload":{"local_timestamp":1730036404016,"message_id":341,"output":"\u001b[1;38;5;39mCOMET INFO:\u001b[0m     conda-environment-definition : 1\n","stderr":true},"type":"standard_output"}
{"payload":{"local_timestamp":1730036404016,"message_id":342,"output":"\u001b[1;38;5;39mCOMET INFO:\u001b[0m     conda-info                   : 1\n","stderr":true},"type":"standard_output"}
{"payload":{"local_timestamp":1730036404016,"message_id":343,"output":"\u001b[1;38;5;39mCOMET INFO:\u001b[0m     conda-specification          : 1\n","stderr":true},"type":"standard_output"}
{"payload":{"local_timestamp":1730036404018,"message_id":344,"output":"\u001b[1;38;5;39mCOMET INFO:\u001b[0m     environment details          : 1\n","stderr":true},"type":"standard_output"}
{"payload":{"local_timestamp":1730036404018,"message_id":345,"output":"\u001b[1;38;5;39mCOMET INFO:\u001b[0m     git metadata                 : 1\n","stderr":true},"type":"standard_output"}
{"payload":{"local_timestamp":1730036404018,"message_id":346,"output":"\u001b[1;38;5;39mCOMET INFO:\u001b[0m     installed packages           : 1\n","stderr":true},"type":"standard_output"}
{"payload":{"local_timestamp":1730036404019,"message_id":347,"output":"\u001b[1;38;5;39mCOMET INFO:\u001b[0m \n","stderr":true},"type":"standard_output"}
